employee_id,first_name,last_name,birth_date,hire_date,job_title,department_id
1,Jose,Giles,1983-09-27T13:29:54.854671,2018-11-26T13:29:54.854703,Event organiser,779
2,Richard,Ayala,1989-03-13T13:29:54.855050,2019-06-11T13:29:54.855080,"Lighting technician, broadcasting/film/video",262
3,Charles,Flores,1984-10-17T13:29:54.855362,2018-02-22T13:29:54.855386,Science writer,713
4,Henry,Hill,1988-03-31T13:29:54.855675,2021-11-14T13:29:54.855692,Barrister's clerk,764
5,Heidi,Allen,1985-01-09T13:29:54.855924,2020-10-14T13:29:54.855938,Production engineer,146
6,Cindy,Gallagher,1985-08-26T13:29:54.856185,2015-06-27T13:29:54.856208,Network engineer,481
7,Tony,Saunders,1996-05-26T13:29:54.856498,2018-09-10T13:29:54.856515,Recycling officer,530
8,Katherine,Brown,1984-03-13T13:29:54.856739,2017-12-31T13:29:54.856751,"Restaurant manager, fast food",127
9,Courtney,Travis,1994-02-25T13:29:54.856969,2016-09-01T13:29:54.856981,Public relations account executive,270
10,Amanda,Smith,1993-04-07T13:29:54.857198,2020-05-31T13:29:54.857210,Arts administrator,774
11,David,Montgomery,1993-06-02T13:29:54.857512,2015-03-15T13:29:54.857536,Scientific laboratory technician,101
12,Victoria,Collins,1998-05-25T13:29:54.857919,2018-11-01T13:29:54.857948,Amenity horticulturist,761
13,Cathy,Lopez,1994-04-26T13:29:54.858338,2014-11-18T13:29:54.858361,"Administrator, education",327
14,Karen,Johnson,1999-10-19T13:29:54.858875,2015-01-07T13:29:54.858898,Museum/gallery conservator,227
15,Jason,Davenport,1995-12-29T13:29:54.859289,2017-01-18T13:29:54.859318,Music tutor,346
16,Jade,Oneill,1995-04-19T13:29:54.859696,2017-12-10T13:29:54.859723,Newspaper journalist,297
17,Adam,Lewis,1989-03-21T13:29:54.860106,2015-08-17T13:29:54.860131,Local government officer,382
18,Brandon,Ramirez,1991-11-04T13:29:54.860561,2017-04-20T13:29:54.860586,"Designer, multimedia",506
19,Jeffrey,Lee,1998-03-18T13:29:54.861019,2020-07-29T13:29:54.861043,"Pilot, airline",681
20,Tammy,Baker,1989-09-21T13:29:54.861477,2021-10-02T13:29:54.861501,Barista,67
21,Michelle,Quinn,1996-01-28T13:29:54.861897,2018-06-06T13:29:54.861922,"Designer, ceramics/pottery",985
22,Evan,Cuevas,1996-10-29T13:29:54.862296,2015-01-28T13:29:54.862331,"Conservator, furniture",495
23,Krystal,Lewis,1983-07-12T13:29:54.862742,2021-04-30T13:29:54.862770,Quality manager,294
24,Linda,Wise,1989-01-13T13:29:54.863166,2020-02-05T13:29:54.863192,Fisheries officer,667
25,Robin,Palmer,1992-04-14T13:29:54.863564,2014-02-25T13:29:54.863586,"Psychotherapist, dance movement",527
26,Elizabeth,Hansen,1999-01-25T13:29:54.863956,2021-06-28T13:29:54.863980,Office manager,835
27,Jonathon,Franco,1988-09-06T13:29:54.864496,2017-03-04T13:29:54.864529,Television floor manager,233
28,Mary,Silva,2002-07-31T13:29:54.864998,2020-06-07T13:29:54.865024,Broadcast journalist,681
29,Misty,Salazar,1984-04-15T13:29:54.865409,2020-08-15T13:29:54.865433,Speech and language therapist,293
30,Amanda,Martinez,1996-12-14T13:29:54.865830,2016-07-04T13:29:54.865852,Theatre manager,780
31,Patrick,Smith,1999-02-05T13:29:54.866260,2020-06-14T13:29:54.866283,Agricultural engineer,921
32,Jacob,Greer,1997-01-14T13:29:54.866834,2016-10-04T13:29:54.866860,Holiday representative,57
33,Melissa,Morris,1991-09-23T13:29:54.867267,2018-05-31T13:29:54.867289,"Doctor, hospital",316
34,Benjamin,Anderson,1985-08-01T13:29:54.867692,2020-06-29T13:29:54.867714,Conference centre manager,927
35,Amy,Edwards,1991-08-11T13:29:54.868101,2017-06-28T13:29:54.868124,"Pharmacist, community",84
36,Deanna,Montoya,1997-10-24T13:29:54.868519,2015-07-07T13:29:54.868543,Health and safety adviser,631
37,Jack,Turner,2003-02-26T13:29:54.868928,2018-04-15T13:29:54.868952,English as a second language teacher,265
38,Devin,Elliott,1991-02-14T13:29:54.869322,2020-02-02T13:29:54.869342,Hydrogeologist,212
39,Raymond,Arroyo,2002-01-18T13:29:54.869575,2015-06-30T13:29:54.869587,Stage manager,627
40,Angela,Rivera,1986-01-18T13:29:54.869808,2020-09-02T13:29:54.869821,Civil Service administrator,708
41,Christina,Mcdonald,1995-04-26T13:29:54.870217,2013-05-15T13:29:54.870236,Theme park manager,581
42,Tyler,Davis,1986-03-02T13:29:54.870643,2017-11-21T13:29:54.870664,Brewing technologist,801
43,Ryan,Hall,1996-02-07T13:29:54.871049,2021-11-25T13:29:54.871068,Midwife,467
44,Linda,Thomas,1991-11-30T13:29:54.871465,2018-08-09T13:29:54.871482,Water engineer,962
45,Peter,Hutchinson,1987-01-08T13:29:54.871711,2014-05-08T13:29:54.871723,English as a second language teacher,787
46,Adam,Zamora,1995-10-16T13:29:54.872045,2017-10-06T13:29:54.872081,Telecommunications researcher,231
47,Joyce,Church,2000-07-21T13:29:54.872530,2020-09-20T13:29:54.872560,Hydrogeologist,791
48,Thomas,Hunt,1983-09-05T13:29:54.873023,2019-06-16T13:29:54.873053,"Engineer, communications",814
49,Donald,Barry,1988-10-11T13:29:54.873495,2019-10-21T13:29:54.873522,Engineering geologist,197
50,Christy,Soto,1988-01-12T13:29:54.873969,2021-07-17T13:29:54.873998,Catering manager,621
51,Nathan,Robles,1985-12-03T13:29:54.874452,2017-04-21T13:29:54.874479,Communications engineer,714
52,Cynthia,Fischer,1984-09-01T13:29:54.874930,2019-12-08T13:29:54.874961,"Designer, ceramics/pottery",857
53,James,Guerrero,1998-09-28T13:29:54.875381,2016-07-31T13:29:54.875407,Consulting civil engineer,185
54,Angela,Mann,1985-12-09T13:29:54.875831,2014-07-07T13:29:54.875854,Chartered legal executive (England and Wales),336
55,George,Walton,1995-04-24T13:29:54.876278,2015-07-15T13:29:54.876304,Barrister's clerk,663
56,Jeffrey,Gonzalez,1995-08-14T13:29:54.876827,2019-03-01T13:29:54.876856,Rural practice surveyor,752
57,Rhonda,Potter,1996-08-18T13:29:54.877319,2016-02-11T13:29:54.877347,Dance movement psychotherapist,723
58,Dustin,Phillips,1998-04-26T13:29:54.877955,2019-04-21T13:29:54.877990,"Horticulturist, commercial",688
59,Dawn,Ramos,2001-01-31T13:29:54.878417,2013-12-14T13:29:54.878467,Leisure centre manager,110
60,Carol,Wise,1989-05-19T13:29:54.878997,2017-06-16T13:29:54.879023,Geophysical data processor,722
61,Jose,Sanchez,1994-07-20T13:29:54.879397,2021-04-17T13:29:54.879418,Immigration officer,875
62,Justin,Pham,1988-02-22T13:29:54.879784,2013-05-05T13:29:54.879804,Risk analyst,325
63,Devin,Douglas,1995-07-04T13:29:54.880192,2019-05-09T13:29:54.880289,Academic librarian,113
64,Jacob,Nunez,1997-12-28T13:29:54.880773,2014-10-23T13:29:54.880800,Tourism officer,671
65,Andrew,Allen,1991-09-22T13:29:54.881242,2021-01-17T13:29:54.881266,"Journalist, newspaper",345
66,Sharon,Jones,1984-12-02T13:29:54.881705,2019-06-22T13:29:54.881729,Hotel manager,606
67,Evan,Mcdonald,1992-09-18T13:29:54.882148,2014-01-30T13:29:54.882176,Hydrographic surveyor,96
68,Julia,Fisher,1985-01-10T13:29:54.882627,2022-01-13T13:29:54.882653,"Buyer, industrial",137
69,Robert,Garcia,2001-03-16T13:29:54.883094,2015-01-19T13:29:54.883122,Jewellery designer,286
70,Jennifer,Hanson,1998-06-19T13:29:54.883567,2013-05-25T13:29:54.883595,Travel agency manager,841
71,Michael,Hobbs,1992-08-19T13:29:54.884015,2014-06-06T13:29:54.884043,Forensic scientist,181
72,Jennifer,Mitchell,1986-05-18T13:29:54.884476,2017-02-11T13:29:54.884502,Armed forces operational officer,160
73,Jackie,Chaney,1990-08-12T13:29:54.884939,2013-05-24T13:29:54.884963,Community arts worker,403
74,Arthur,Graham,1983-07-06T13:29:54.885395,2021-01-14T13:29:54.885423,Amenity horticulturist,22
75,Jeffrey,Terry,2002-09-20T13:29:54.885887,2017-02-17T13:29:54.885914,"Producer, television/film/video",901
76,Susan,Lin,1990-06-30T13:29:54.886376,2016-10-16T13:29:54.886407,"Surveyor, insurance",820
77,Bethany,Golden,1994-03-05T13:29:54.886940,2017-09-17T13:29:54.886973,Chief Executive Officer,727
78,Dennis,Smith,1991-09-26T13:29:54.887429,2016-10-05T13:29:54.887457,Mechanical engineer,225
79,Laura,Morales,1995-02-23T13:29:54.887936,2014-04-12T13:29:54.887964,Fashion designer,677
80,Kari,Baldwin,2003-04-18T13:29:54.888373,2015-05-08T13:29:54.888393,"Engineer, energy",166
81,Amy,Cobb,1997-04-04T13:29:54.888806,2018-12-14T13:29:54.888832,Radio producer,959
82,Tim,Johnson,1989-08-09T13:29:54.889288,2015-08-09T13:29:54.889315,Facilities manager,408
83,Douglas,Logan,1991-03-23T13:29:54.889699,2020-05-29T13:29:54.889727,Pharmacologist,418
84,Brandon,Spencer,1987-09-26T13:29:54.890120,2017-05-28T13:29:54.890149,Financial risk analyst,251
85,Jessica,Lara,1983-11-03T13:29:54.890591,2015-09-04T13:29:54.890630,Cartographer,936
86,Taylor,Stafford,1995-04-05T13:29:54.891011,2019-06-17T13:29:54.891033,Oceanographer,539
87,Catherine,Stevens,1988-05-04T13:29:54.891396,2019-02-04T13:29:54.891420,Psychotherapist,801
88,Sarah,Armstrong,1991-07-14T13:29:54.891784,2020-08-09T13:29:54.891807,"Development worker, international aid",270
89,Susan,Dunn,1987-04-04T13:29:54.892180,2015-04-10T13:29:54.892202,Nutritional therapist,212
90,Timothy,Nelson,2001-07-14T13:29:54.892597,2014-05-01T13:29:54.892621,Charity fundraiser,843
91,Brandon,Browning,2000-08-04T13:29:54.893142,2013-12-07T13:29:54.893174,Database administrator,163
92,Roberto,Kim,1997-12-11T13:29:54.893849,2021-12-10T13:29:54.893868,Chief Executive Officer,719
93,Misty,Miranda,1995-02-10T13:29:54.894213,2017-09-29T13:29:54.894240,Plant breeder/geneticist,594
94,Ashley,Miles,1986-11-15T13:29:54.894644,2018-02-14T13:29:54.894671,Agricultural consultant,178
95,Steven,Bell,1991-12-25T13:29:54.895054,2020-09-20T13:29:54.895078,Garment/textile technologist,906
96,Jacqueline,Miller,1987-05-02T13:29:54.895472,2015-02-08T13:29:54.895499,Corporate treasurer,888
97,Karen,Valenzuela,1994-10-21T13:29:54.895869,2020-06-10T13:29:54.895891,"Conservation officer, historic buildings",226
98,Emily,Smith,1998-01-01T13:29:54.896271,2014-12-15T13:29:54.896294,Health and safety inspector,411
99,Jeffrey,Delgado,1995-08-25T13:29:54.896692,2020-12-23T13:29:54.896713,"Doctor, general practice",339
100,Ian,Johnson,1997-11-26T13:29:54.897113,2018-10-05T13:29:54.897135,Field trials officer,370
101,Gary,Keller,1993-02-28T13:29:54.897537,2021-05-29T13:29:54.897559,Counsellor,562
102,Daniel,Carlson,1997-11-23T13:29:54.897973,2022-03-01T13:29:54.897996,Social researcher,333
103,Mary,Daniel,1988-08-12T13:29:54.898399,2021-01-20T13:29:54.898420,Air cabin crew,993
104,Chad,Smith,2000-11-12T13:29:54.898945,2016-11-18T13:29:54.898971,Theme park manager,740
105,Danielle,Fisher,1994-03-15T13:29:54.899374,2014-02-23T13:29:54.899398,Social worker,450
106,Christopher,Stanley,1990-09-02T13:29:54.899784,2019-11-13T13:29:54.899808,Farm manager,480
107,Jason,Brennan,1996-10-26T13:29:54.900232,2018-03-11T13:29:54.900264,Occupational hygienist,663
108,April,Rios,1999-04-19T13:29:54.900607,2014-05-04T13:29:54.900627,Proofreader,439
109,Melissa,Walsh,1994-06-26T13:29:54.900890,2020-02-19T13:29:54.900907,"Nurse, mental health",259
110,Nathan,Robertson,1994-07-01T13:29:54.901134,2014-09-10T13:29:54.901147,Holiday representative,411
111,Mariah,Gonzalez,1985-07-06T13:29:54.901367,2018-02-19T13:29:54.901379,"Therapist, occupational",262
112,Jennifer,Davis,1997-11-16T13:29:54.901607,2018-05-08T13:29:54.901619,Higher education careers adviser,33
113,Sarah,Vaughn,1998-06-16T13:29:54.901838,2018-10-14T13:29:54.901850,Curator,763
114,Patrick,Johnson,1983-08-31T13:29:54.902069,2013-10-08T13:29:54.902081,Freight forwarder,227
115,Troy,Allen,1989-05-31T13:29:54.902297,2013-08-07T13:29:54.902308,"Psychologist, counselling",602
116,Alexis,Gregory,1997-08-12T13:29:54.902548,2017-08-03T13:29:54.902562,Horticultural therapist,281
117,Debbie,Watkins,1996-12-07T13:29:54.902783,2019-04-08T13:29:54.902795,Theatre stage manager,652
118,Ashley,Swanson,1990-06-26T13:29:54.903012,2017-12-13T13:29:54.903024,"Solicitor, Scotland",669
119,Nathan,Kelly,1983-05-19T13:29:54.903240,2021-08-02T13:29:54.903252,"Engineer, agricultural",831
120,Diane,Douglas,1997-12-12T13:29:54.903467,2013-07-07T13:29:54.903479,Colour technologist,750
121,Tabitha,Barrett,1983-12-28T13:29:54.903693,2019-04-24T13:29:54.903705,Commercial art gallery manager,215
122,Russell,Simmons,1999-06-15T13:29:54.903925,2013-06-11T13:29:54.903954,Restaurant manager,553
123,Clinton,Sanchez,1990-10-31T13:29:54.904180,2020-06-04T13:29:54.904193,Location manager,246
124,Brianna,Wilson,2000-04-06T13:29:54.904412,2013-09-07T13:29:54.904425,"Psychotherapist, child",735
125,Paula,Rojas,1996-04-01T13:29:54.904643,2013-06-19T13:29:54.904655,Haematologist,596
126,Michael,Rubio,1992-05-15T13:29:54.904874,2019-04-25T13:29:54.904886,Chief Marketing Officer,532
127,Bobby,Martinez,2003-02-20T13:29:54.905111,2015-01-24T13:29:54.905124,Further education lecturer,47
128,Brenda,Lane,2001-10-13T13:29:54.905344,2016-04-26T13:29:54.905356,Seismic interpreter,575
129,Alexis,Williamson,1986-02-13T13:29:54.905592,2015-02-18T13:29:54.905617,"Loss adjuster, chartered",222
130,Devin,Medina,2002-08-06T13:29:54.905844,2015-12-30T13:29:54.905856,Purchasing manager,334
131,Sylvia,Morales,1995-06-13T13:29:54.906073,2016-11-04T13:29:54.906086,Chief Operating Officer,869
132,Tony,Craig,1996-12-20T13:29:54.906303,2016-08-06T13:29:54.906315,Public affairs consultant,225
133,Marissa,Golden,1988-02-26T13:29:54.906571,2019-10-01T13:29:54.906587,Hospital doctor,50
134,Christopher,Price,1983-06-06T13:29:54.906850,2020-09-15T13:29:54.906865,Health and safety adviser,772
135,Patrick,Andrews,1996-08-30T13:29:54.907135,2019-11-08T13:29:54.907149,Location manager,563
136,Shawn,Bell,2002-12-23T13:29:54.907393,2021-08-29T13:29:54.907406,Firefighter,699
137,Susan,Galloway,1995-09-11T13:29:54.907648,2016-11-28T13:29:54.907660,Armed forces logistics/support/administrative officer,199
138,Sarah,Malone,1987-10-26T13:29:54.907909,2022-02-27T13:29:54.907922,Chief Financial Officer,898
139,Brittany,Rogers,2000-08-10T13:29:54.908143,2014-06-04T13:29:54.908155,"Engineer, mining",33
140,Jessica,Perkins,1990-07-05T13:29:54.908373,2019-08-09T13:29:54.908385,Transport planner,169
141,Jeffery,Williams,1993-10-13T13:29:54.908605,2021-10-05T13:29:54.908618,"Designer, multimedia",83
142,Karen,Harris,1991-06-16T13:29:54.908844,2021-11-02T13:29:54.908856,"Psychologist, prison and probation services",219
143,Tracey,Sullivan,1996-01-10T13:29:54.909074,2018-02-27T13:29:54.909086,Arboriculturist,247
144,Desiree,Farrell,1986-07-28T13:29:54.909302,2020-08-18T13:29:54.909313,"Surveyor, insurance",97
145,Barbara,Flores,1986-03-01T13:29:54.909529,2019-06-16T13:29:54.909540,Leisure centre manager,99
146,Nicholas,Dickerson,1995-05-27T13:29:54.909754,2020-08-31T13:29:54.909765,Publishing rights manager,555
147,Daniel,Sparks,1984-10-07T13:29:54.909981,2017-12-19T13:29:54.909992,Electronics engineer,788
148,Charlene,Coleman,1994-11-11T13:29:54.910214,2013-08-24T13:29:54.910226,Warden/ranger,169
149,Jaime,Taylor,1999-07-21T13:29:54.910464,2019-05-23T13:29:54.910477,Waste management officer,968
150,Whitney,Lawson,2002-03-03T13:29:54.910697,2020-09-06T13:29:54.910709,Social worker,438
151,Juan,Sullivan,2000-01-20T13:29:54.910939,2013-09-10T13:29:54.910953,"Scientist, water quality",174
152,Richard,Armstrong,1996-10-27T13:29:54.911177,2020-08-27T13:29:54.911189,Psychiatric nurse,900
153,Stephanie,Williams,1985-05-09T13:29:54.911408,2019-03-31T13:29:54.911420,Dietitian,318
154,Jordan,Lee,1992-08-28T13:29:54.911635,2020-08-30T13:29:54.911647,"Engineer, maintenance",666
155,Jeffrey,Reeves,1997-01-24T13:29:54.911864,2020-03-19T13:29:54.911875,"Psychologist, sport and exercise",177
156,Kenneth,Taylor,1990-04-14T13:29:54.912091,2019-09-26T13:29:54.912103,"Scientist, research (life sciences)",90
157,Robert,Smith,1994-06-30T13:29:54.912318,2016-07-13T13:29:54.912329,"Engineer, civil (contracting)",947
158,David,Bowen,1990-11-27T13:29:54.912545,2018-06-05T13:29:54.912557,Paramedic,920
159,Andrea,Christensen,1992-05-28T13:29:54.912772,2015-12-26T13:29:54.912784,Passenger transport manager,610
160,Leah,Green,2003-04-04T13:29:54.912997,2019-04-07T13:29:54.913008,Barrister,201
161,Robert,Valentine,1996-10-20T13:29:54.913228,2017-06-26T13:29:54.913240,Educational psychologist,614
162,Thomas,Moore,1995-06-11T13:29:54.913458,2022-02-13T13:29:54.913469,"Production assistant, television",879
163,Emily,Austin,1989-07-05T13:29:54.913682,2017-03-31T13:29:54.913693,Media buyer,399
164,Richard,Dunn,1991-05-11T13:29:54.913906,2017-07-20T13:29:54.913918,Chartered management accountant,397
165,Rhonda,Gutierrez,1991-10-04T13:29:54.914133,2013-09-22T13:29:54.914144,Ophthalmologist,450
166,David,Ellison,1993-04-21T13:29:54.914358,2019-12-07T13:29:54.914369,Location manager,642
167,Aaron,Allen,1994-04-05T13:29:54.914637,2020-10-10T13:29:54.914669,"Social research officer, government",111
168,James,Moore,1990-07-10T13:29:54.914897,2014-05-29T13:29:54.914910,"Pharmacist, hospital",56
169,John,Johnston,2002-01-17T13:29:54.915128,2016-05-29T13:29:54.915140,Estate agent,593
170,Rodney,Frank,1996-02-13T13:29:54.915358,2018-01-31T13:29:54.915370,Insurance claims handler,594
171,John,Bray,1986-08-08T13:29:54.915587,2018-11-16T13:29:54.915599,Exercise physiologist,499
172,Michael,Contreras,1984-01-22T13:29:54.915816,2020-02-12T13:29:54.915828,"Administrator, sports",202
173,Mark,Carlson,2001-05-25T13:29:54.916044,2017-12-21T13:29:54.916056,Solicitor,387
174,Michele,Munoz,1991-04-27T13:29:54.916285,2017-11-17T13:29:54.916298,Database administrator,708
175,Kevin,Kim,1985-08-07T13:29:54.916516,2014-12-22T13:29:54.916528,Financial manager,581
176,Brian,Harris,1990-10-29T13:29:54.916753,2016-11-17T13:29:54.916766,Environmental consultant,342
177,Katherine,Craig,1997-06-15T13:29:54.916989,2017-10-20T13:29:54.917002,Audiological scientist,171
178,William,Russo,2001-02-12T13:29:54.917217,2015-01-08T13:29:54.917229,Amenity horticulturist,539
179,Rebecca,Rodriguez,1983-12-14T13:29:54.917444,2021-09-18T13:29:54.917456,"Teacher, music",915
180,Molly,Hill,1987-11-14T13:29:54.917670,2019-11-05T13:29:54.917682,"Doctor, hospital",788
181,Sabrina,Patterson,1999-06-30T13:29:54.917906,2014-10-19T13:29:54.917919,"Teacher, primary school",133
182,Jeffrey,Robinson,1984-01-16T13:29:54.918134,2017-07-19T13:29:54.918146,Cabin crew,498
183,Brett,Robertson,1987-11-22T13:29:54.918359,2014-04-14T13:29:54.918370,"Exhibitions officer, museum/gallery",102
184,Renee,Brooks,1988-01-01T13:29:54.918602,2017-04-22T13:29:54.918615,"Accountant, chartered",4
185,Christine,Booth,1997-05-28T13:29:54.918830,2017-07-06T13:29:54.918842,Communications engineer,551
186,Jackie,Kerr,1993-07-11T13:29:54.919059,2020-08-18T13:29:54.919071,"Pharmacist, hospital",992
187,Brooke,Lee,1999-05-08T13:29:54.919292,2017-09-17T13:29:54.919304,Photographer,378
188,Richard,Ramirez,2001-12-14T13:29:54.919519,2017-07-24T13:29:54.919531,International aid/development worker,636
189,Matthew,Haynes,1989-03-07T13:29:54.919746,2015-02-17T13:29:54.919758,Multimedia specialist,731
190,Grant,Christensen,1993-03-05T13:29:54.919977,2018-12-28T13:29:54.919990,Patent attorney,341
191,Jared,Cordova,1988-04-18T13:29:54.920207,2019-10-26T13:29:54.920218,Tree surgeon,634
192,Brittany,Hardin,1992-12-20T13:29:54.920434,2021-01-07T13:29:54.920446,Sales executive,147
193,Dawn,Barnes,1998-10-01T13:29:54.920661,2021-01-13T13:29:54.920672,Airline pilot,671
194,Tracy,Coleman,1989-06-21T13:29:54.920886,2016-03-20T13:29:54.920898,Community pharmacist,139
195,Nathan,Davis,1997-07-16T13:29:54.921113,2013-06-17T13:29:54.921125,Music therapist,645
196,Stacie,Rogers,1993-10-10T13:29:54.921339,2019-11-12T13:29:54.921350,"Engineer, chemical",146
197,Jessica,Williams,2000-03-30T13:29:54.921566,2014-08-03T13:29:54.921577,Land/geomatics surveyor,878
198,Clifford,Brown,1996-06-10T13:29:54.921790,2017-03-10T13:29:54.921802,"Engineer, drilling",984
199,Brittany,Johnson,1996-11-18T13:29:54.922018,2018-11-08T13:29:54.922029,Legal secretary,539
200,Amber,Brown,1998-03-05T13:29:54.922249,2019-03-30T13:29:54.922261,"Research officer, trade union",975
201,Robert,Miller,1993-09-22T13:29:54.922496,2019-04-08T13:29:54.922511,Product manager,873
202,Robert,Brown,1998-09-19T13:29:54.922738,2019-08-29T13:29:54.922751,"Conservation officer, historic buildings",68
203,Daniel,Price,1993-07-19T13:29:54.922968,2015-03-21T13:29:54.922980,"Research officer, political party",422
204,Jeffrey,Smith,1992-02-20T13:29:54.923196,2015-11-27T13:29:54.923208,Professor Emeritus,774
205,Robert,Choi,1990-05-12T13:29:54.923425,2020-06-25T13:29:54.923437,Theatre director,533
206,Bruce,Garrett,1992-10-15T13:29:54.923652,2014-08-23T13:29:54.923663,"Administrator, arts",48
207,Richard,Clark,1987-01-27T13:29:54.923878,2018-03-15T13:29:54.923889,"Editor, film/video",235
208,Rachel,Erickson,1986-01-12T13:29:54.924104,2016-12-06T13:29:54.924115,Mechanical engineer,930
209,Jeffrey,Sherman,1983-10-21T13:29:54.924330,2015-04-06T13:29:54.924342,Ranger/warden,475
210,Scott,Taylor,1995-06-03T13:29:54.924556,2018-03-12T13:29:54.924568,Cartographer,453
211,Rebecca,Lewis,2000-08-24T13:29:54.924783,2014-07-05T13:29:54.924795,"Therapist, occupational",64
212,Alexandra,Arnold,1997-11-04T13:29:54.925010,2018-11-30T13:29:54.925021,Information officer,338
213,Kayla,Taylor,1992-07-29T13:29:54.925242,2019-04-08T13:29:54.925255,Furniture conservator/restorer,757
214,Heather,Hicks,1987-01-01T13:29:54.925469,2018-04-21T13:29:54.925480,Ecologist,264
215,James,Harrison,1983-07-11T13:29:54.925694,2013-04-19T13:29:54.925706,Animator,77
216,Christopher,Nguyen,1988-01-08T13:29:54.925920,2021-06-26T13:29:54.925933,Waste management officer,586
217,John,Williams,1997-03-26T13:29:54.926149,2017-02-19T13:29:54.926161,Higher education lecturer,506
218,Sara,Gonzalez,2000-06-21T13:29:54.926375,2015-04-06T13:29:54.926387,Recycling officer,959
219,Michael,Peck,1991-08-19T13:29:54.926618,2020-07-16T13:29:54.926631,Speech and language therapist,107
220,Samantha,Jensen,1997-04-03T13:29:54.926846,2016-11-02T13:29:54.926858,Quarry manager,544
221,Amber,Johnson,1984-01-17T13:29:54.927074,2017-11-12T13:29:54.927086,Paramedic,892
222,Raymond,Day,1994-09-17T13:29:54.927301,2017-09-12T13:29:54.927312,Television floor manager,885
223,Todd,Fisher,1999-10-28T13:29:54.927527,2014-08-23T13:29:54.927539,Editorial assistant,942
224,Tyler,Wells,1996-01-09T13:29:54.927754,2016-05-31T13:29:54.927766,Marine scientist,753
225,Susan,Maldonado,1996-03-22T13:29:54.927980,2017-12-31T13:29:54.927991,Engineering geologist,142
226,Ricky,Singh,1997-09-26T13:29:54.928210,2014-12-22T13:29:54.928223,Hydrogeologist,118
227,Amanda,Ramirez,1995-12-02T13:29:54.928442,2014-06-07T13:29:54.928454,"Journalist, magazine",677
228,Michael,Watson,1997-09-25T13:29:54.928669,2020-07-25T13:29:54.928680,Herpetologist,97
229,Rebecca,Li,1985-05-26T13:29:54.928894,2019-07-29T13:29:54.928905,Trade union research officer,475
230,Seth,Perez,1992-11-17T13:29:54.929120,2020-10-27T13:29:54.929131,Technical author,429
231,Erin,Kramer,1991-10-21T13:29:54.929346,2018-01-07T13:29:54.929357,Sales executive,832
232,Christopher,Gonzalez,2002-07-28T13:29:54.929571,2021-08-23T13:29:54.929583,"Production assistant, radio",344
233,Jason,Wells,1991-11-29T13:29:54.929799,2014-10-12T13:29:54.929810,Best boy,702
234,John,Sanders,1983-05-22T13:29:54.930024,2019-05-09T13:29:54.930035,Analytical chemist,849
235,William,Travis,1984-11-25T13:29:54.930250,2021-01-01T13:29:54.930261,Stage manager,86
236,Kevin,David,1992-01-11T13:29:54.930488,2014-01-29T13:29:54.930501,Licensed conveyancer,355
237,Mark,Valdez,1994-07-09T13:29:54.930717,2015-12-21T13:29:54.930728,Newspaper journalist,380
238,Veronica,Mcpherson,1986-05-06T13:29:54.930941,2020-06-13T13:29:54.930953,"Surveyor, quantity",704
239,Peter,Miller,1998-03-28T13:29:54.931172,2018-07-01T13:29:54.931185,Speech and language therapist,83
240,Gina,Roy,1986-02-20T13:29:54.931400,2015-07-22T13:29:54.931412,Fish farm manager,776
241,Susan,Smith,1997-05-07T13:29:54.931626,2015-08-09T13:29:54.931638,Rural practice surveyor,571
242,Nicole,Moreno,2001-07-11T13:29:54.931855,2016-01-10T13:29:54.931867,Paramedic,175
243,Leslie,Hurst,1999-10-28T13:29:54.932082,2013-08-23T13:29:54.932094,Meteorologist,208
244,Lauren,Ware,1999-01-05T13:29:54.932308,2018-05-01T13:29:54.932320,Investment analyst,19
245,Frank,Murphy,2000-11-15T13:29:54.932533,2017-08-18T13:29:54.932544,Microbiologist,851
246,Shawn,Johnson,1997-01-26T13:29:54.932756,2021-12-31T13:29:54.932767,Network engineer,413
247,Omar,Stevens,2001-03-06T13:29:54.932981,2020-11-23T13:29:54.932993,"Investment banker, operational",740
248,Derek,Bond,2002-12-20T13:29:54.933205,2018-08-06T13:29:54.933216,Theatre stage manager,123
249,Benjamin,Melendez,1996-01-03T13:29:54.933431,2020-11-12T13:29:54.933442,Art gallery manager,576
250,Ricky,Frye,1990-12-05T13:29:54.933656,2017-08-22T13:29:54.933668,Health and safety adviser,45
251,Frank,Zimmerman,1987-01-26T13:29:54.933883,2017-10-12T13:29:54.933894,Retail manager,805
252,William,Glenn,1997-01-18T13:29:54.934117,2018-06-07T13:29:54.934130,Chartered loss adjuster,932
253,Rick,Jackson,1998-08-05T13:29:54.934350,2014-09-17T13:29:54.934362,Agricultural consultant,923
254,Hunter,Reyes,1998-04-19T13:29:54.934598,2015-02-24T13:29:54.934611,Tax inspector,631
255,Edwin,Tate,2000-01-10T13:29:54.934830,2014-08-15T13:29:54.934842,Academic librarian,129
256,Taylor,Wiggins,1991-02-01T13:29:54.935058,2015-05-25T13:29:54.935070,"Surveyor, hydrographic",707
257,Matthew,Patterson,1997-02-08T13:29:54.935287,2014-11-02T13:29:54.935298,"Engineer, energy",130
258,Melissa,Mcclure,2000-09-27T13:29:54.935515,2018-04-21T13:29:54.935526,Communications engineer,927
259,Stephanie,Miller,1995-02-07T13:29:54.935743,2019-08-06T13:29:54.935755,Chartered accountant,78
260,Diane,Shaw,2001-05-23T13:29:54.935969,2018-03-29T13:29:54.935980,Haematologist,977
261,Carol,Martin,2002-11-28T13:29:54.936196,2017-02-17T13:29:54.936207,Market researcher,527
262,Lisa,Taylor,1988-05-10T13:29:54.936421,2019-05-30T13:29:54.936433,Camera operator,143
263,Thomas,Gonzalez,1987-11-17T13:29:54.936648,2019-12-05T13:29:54.936659,Chief Technology Officer,947
264,Christine,Hudson,1989-12-05T13:29:54.936874,2017-04-10T13:29:54.936885,Advertising copywriter,167
265,Susan,Newton,1996-01-18T13:29:54.937104,2016-08-08T13:29:54.937117,"Biochemist, clinical",213
266,David,Smith,1995-04-12T13:29:54.937333,2020-04-11T13:29:54.937344,Warden/ranger,817
267,Patricia,Zamora,1991-11-01T13:29:54.937561,2021-05-23T13:29:54.937573,Analytical chemist,865
268,Kenneth,Green,1983-12-09T13:29:54.937790,2017-01-31T13:29:54.937801,Dietitian,100
269,Todd,May,1996-03-22T13:29:54.938017,2020-10-10T13:29:54.938029,Leisure centre manager,111
270,Andrew,Wilkerson,1983-07-17T13:29:54.938247,2021-03-26T13:29:54.938259,Commercial art gallery manager,146
271,Charles,Jackson,1994-09-24T13:29:54.938488,2022-01-20T13:29:54.938502,"Accountant, chartered certified",426
272,Andrew,Jensen,1992-04-03T13:29:54.938720,2021-06-24T13:29:54.938732,Professor Emeritus,493
273,Michael,Adams,1989-04-30T13:29:54.938948,2016-11-27T13:29:54.938960,Ceramics designer,167
274,Jennifer,Lowe,2000-09-07T13:29:54.939222,2017-11-16T13:29:54.939240,Building services engineer,263
275,Kathryn,Gomez,1989-04-19T13:29:54.939464,2014-12-24T13:29:54.939476,Illustrator,436
276,Marissa,Tanner,1994-09-22T13:29:54.939788,2020-02-22T13:29:54.939815,TEFL teacher,134
277,Tyler,Gray,1989-09-10T13:29:54.940110,2021-06-27T13:29:54.940127,"Research officer, trade union",27
278,Ryan,Ramos,1998-01-05T13:29:54.940354,2016-06-02T13:29:54.940367,Multimedia programmer,688
279,Jennifer,Osborn,1999-01-19T13:29:54.940611,2014-07-14T13:29:54.940626,"Research officer, political party",599
280,Edward,Gross,1995-09-07T13:29:54.940845,2018-01-23T13:29:54.940858,"Designer, jewellery",732
281,Edward,Montgomery,1988-08-21T13:29:54.941076,2017-02-14T13:29:54.941088,Chief Executive Officer,190
282,Jenny,Jackson,1993-10-24T13:29:54.941305,2017-08-18T13:29:54.941316,Purchasing manager,739
283,Sarah,Krause,1996-08-04T13:29:54.941535,2020-12-07T13:29:54.941547,"Editor, film/video",326
284,Angela,Huffman,1996-03-28T13:29:54.941763,2019-12-21T13:29:54.941774,Police officer,181
285,Katherine,Moore,2001-09-16T13:29:54.941991,2014-09-24T13:29:54.942002,Nature conservation officer,336
286,Natalie,Foster,1997-11-06T13:29:54.942219,2020-04-23T13:29:54.942231,Sales executive,878
287,Mary,Garner,1987-03-17T13:29:54.942462,2019-08-19T13:29:54.942476,Osteopath,53
288,Laura,Wilson,1999-01-21T13:29:54.942695,2020-09-29T13:29:54.942707,Manufacturing engineer,151
289,Ruth,French,1999-10-12T13:29:54.942923,2017-07-03T13:29:54.942934,Medical physicist,667
290,Steven,Luna,1990-04-11T13:29:54.943151,2014-07-03T13:29:54.943163,Surgeon,908
291,Amy,Davenport,1990-04-28T13:29:54.943384,2015-04-25T13:29:54.943396,Air broker,92
292,Karen,Miller,1988-03-29T13:29:54.943613,2016-01-31T13:29:54.943626,Armed forces logistics/support/administrative officer,606
293,Nichole,Flynn,1992-05-23T13:29:54.943844,2020-11-13T13:29:54.943856,Financial adviser,931
294,Christopher,Watkins,1999-08-28T13:29:54.944072,2018-08-03T13:29:54.944083,Economist,258
295,Zachary,Lester,1985-01-14T13:29:54.944299,2019-06-20T13:29:54.944311,Personnel officer,159
296,Diana,Williams,1988-03-10T13:29:54.944527,2014-10-03T13:29:54.944538,"Exhibitions officer, museum/gallery",457
297,James,Bell,1992-05-12T13:29:54.944753,2021-01-07T13:29:54.944765,Medical laboratory scientific officer,550
298,Melissa,Hale,1995-05-10T13:29:54.944980,2020-09-19T13:29:54.944992,Stage manager,900
299,Heather,Simmons,1991-06-10T13:29:54.945207,2014-02-20T13:29:54.945219,"Programmer, applications",177
300,Kristin,Adams,1986-02-19T13:29:54.945434,2020-09-21T13:29:54.945446,Police officer,812
301,Teresa,Fields,1999-09-01T13:29:54.945662,2015-01-09T13:29:54.945674,"Administrator, Civil Service",534
302,Tiffany,Gordon,1997-12-28T13:29:54.945894,2014-01-15T13:29:54.945906,"Conservator, museum/gallery",404
303,Jason,Clark,1986-02-08T13:29:54.946121,2018-04-04T13:29:54.946132,Glass blower/designer,325
304,Nicholas,Mccall,1990-02-26T13:29:54.946350,2020-06-14T13:29:54.946362,Magazine features editor,105
305,Martha,Martinez,1994-06-16T13:29:54.946594,2014-01-19T13:29:54.946608,"Scientist, clinical (histocompatibility and immunogenetics)",696
306,Anita,Roberts,1997-06-03T13:29:54.946823,2017-05-31T13:29:54.946835,Legal secretary,151
307,Noah,Robinson,1993-08-12T13:29:54.947051,2014-04-01T13:29:54.947063,Immunologist,112
308,Elizabeth,Porter,1992-06-13T13:29:54.947278,2020-03-18T13:29:54.947290,Theatre stage manager,455
309,Amy,Williams,2002-12-12T13:29:54.947508,2016-01-24T13:29:54.947519,"Surveyor, quantity",445
310,Travis,Campbell,1987-11-30T13:29:54.947734,2016-04-27T13:29:54.947745,"Doctor, general practice",346
311,Dylan,Martin,1993-05-31T13:29:54.947960,2015-02-17T13:29:54.947971,"Designer, blown glass/stained glass",271
312,Andrea,Lee,1997-02-06T13:29:54.948186,2013-09-09T13:29:54.948198,Corporate investment banker,938
313,Jeremy,Downs,1987-05-03T13:29:54.948413,2020-07-03T13:29:54.948424,Occupational hygienist,49
314,Christopher,Cervantes,1989-07-01T13:29:54.948642,2014-02-19T13:29:54.948653,Contractor,476
315,Roberto,Hunter,1985-08-29T13:29:54.948869,2013-04-29T13:29:54.948881,"Scientist, research (medical)",108
316,Michelle,Patel,1990-09-08T13:29:54.949102,2016-12-17T13:29:54.949115,Early years teacher,331
317,Kevin,Johnson,1990-01-06T13:29:54.949341,2015-04-07T13:29:54.949353,"Engineer, communications",694
318,Melanie,Webb,1984-10-28T13:29:54.949571,2016-02-09T13:29:54.949582,"Scientist, forensic",211
319,Robert,Brown,1999-10-06T13:29:54.949798,2020-03-21T13:29:54.949809,Advertising art director,588
320,Wendy,Foley,1983-12-26T13:29:54.950024,2022-04-01T13:29:54.950035,Management consultant,526
321,Jonathan,Howard,1995-06-29T13:29:54.950249,2015-07-13T13:29:54.950261,Dramatherapist,124
322,Joseph,Erickson,2000-02-03T13:29:54.950496,2021-03-28T13:29:54.950511,Youth worker,327
323,Benjamin,Mckinney,1998-04-17T13:29:54.950733,2016-04-05T13:29:54.950745,Historic buildings inspector/conservation officer,585
324,Michael,Scott,1991-01-03T13:29:54.950963,2020-04-26T13:29:54.950975,Purchasing manager,13
325,Melinda,Haley,2002-10-14T13:29:54.951190,2017-07-25T13:29:54.951202,Mental health nurse,855
326,Allison,Porter,1993-09-02T13:29:54.951419,2018-05-01T13:29:54.951431,Patent examiner,290
327,Susan,Quinn,1990-07-20T13:29:54.951654,2020-02-02T13:29:54.951666,Claims inspector/assessor,3
328,Robert,Brown,2001-12-21T13:29:54.951882,2014-06-29T13:29:54.951894,Musician,140
329,Martin,Lewis,1989-05-01T13:29:54.952109,2021-11-21T13:29:54.952121,Operational researcher,267
330,Laura,Turner,1985-08-02T13:29:54.952342,2019-05-26T13:29:54.952354,Neurosurgeon,466
331,Keith,Beard,1984-09-29T13:29:54.952571,2017-07-21T13:29:54.952583,Exercise physiologist,820
332,Allen,Smith,1983-10-15T13:29:54.952798,2020-04-03T13:29:54.952810,Merchant navy officer,160
333,Dennis,Martinez,1988-12-06T13:29:54.953024,2020-04-17T13:29:54.953035,"Engineer, mining",928
334,John,Clarke,1990-05-16T13:29:54.953251,2016-10-02T13:29:54.953263,"Research officer, trade union",210
335,Ryan,Davis,2002-09-04T13:29:54.953476,2013-11-06T13:29:54.953487,Nutritional therapist,307
336,Denise,Thomas,1988-10-30T13:29:54.953703,2019-11-21T13:29:54.953714,"Chemist, analytical",104
337,Erik,Clark,1997-07-26T13:29:54.953930,2014-12-30T13:29:54.953942,Industrial buyer,175
338,Anthony,Washington,2000-01-29T13:29:54.954156,2018-05-19T13:29:54.954168,Nature conservation officer,273
339,Mario,Macias,1998-10-19T13:29:54.954383,2019-05-07T13:29:54.954395,Forensic psychologist,658
340,Nathan,Fuller,2000-08-07T13:29:54.954865,2020-07-30T13:29:54.954883,Consulting civil engineer,564
341,Lisa,Taylor,1992-12-24T13:29:54.955107,2018-03-04T13:29:54.955119,Art therapist,875
342,Theresa,Anderson,1984-10-10T13:29:54.955410,2021-05-22T13:29:54.955438,"Engineer, chemical",951
343,Andrea,Johnson,1994-02-18T13:29:54.955724,2022-01-31T13:29:54.955741,"Engineer, site",175
344,Timothy,Case,1986-06-05T13:29:54.955963,2015-02-17T13:29:54.955976,Patent attorney,927
345,Austin,Davidson,1990-09-04T13:29:54.956191,2014-06-23T13:29:54.956203,Land/geomatics surveyor,487
346,Denise,Braun,1986-04-13T13:29:54.956425,2020-02-22T13:29:54.956438,Lobbyist,622
347,Brittany,Ray,1992-09-09T13:29:54.956715,2016-12-30T13:29:54.956733,Amenity horticulturist,305
348,Brooke,French,2001-01-18T13:29:54.956965,2020-03-13T13:29:54.956985,"Journalist, broadcasting",447
349,Thomas,Buchanan,1995-11-01T13:29:54.957359,2014-01-29T13:29:54.957386,Passenger transport manager,200
350,Janet,Montgomery,1998-06-04T13:29:54.957801,2017-07-09T13:29:54.957828,"Administrator, local government",429
351,Matthew,Stevenson,1988-10-17T13:29:54.958255,2020-06-04T13:29:54.958281,Textile designer,595
352,Wendy,Daniels,1992-03-01T13:29:54.958734,2018-06-20T13:29:54.958760,Housing manager/officer,69
353,Christopher,Lopez,1993-03-15T13:29:54.959149,2018-01-26T13:29:54.959174,Therapeutic radiographer,754
354,Jacob,Bradley,1995-02-27T13:29:54.959538,2021-05-30T13:29:54.959566,Charity officer,68
355,Jonathan,Johnson,2002-12-19T13:29:54.959947,2014-01-09T13:29:54.959970,Wellsite geologist,777
356,Katherine,Anderson,1999-10-10T13:29:54.960344,2015-01-31T13:29:54.960369,Adult nurse,656
357,Stephen,Sloan,1984-07-14T13:29:54.960769,2019-06-12T13:29:54.960794,"Journalist, newspaper",357
358,Beth,Ellis,1985-11-27T13:29:54.961167,2021-04-30T13:29:54.961194,Illustrator,412
359,Timothy,Franklin,1988-03-09T13:29:54.961444,2014-02-06T13:29:54.961458,Drilling engineer,206
360,Andrew,Campbell,1994-08-06T13:29:54.961679,2022-03-15T13:29:54.961692,Technical brewer,647
361,Barbara,Johnson,1998-11-08T13:29:54.962084,2013-10-12T13:29:54.962103,Youth worker,676
362,Brendan,Campbell,1986-12-30T13:29:54.962495,2014-06-04T13:29:54.962549,Field seismologist,752
363,Robert,Robinson,2000-02-17T13:29:54.962941,2019-09-07T13:29:54.962959,Diplomatic Services operational officer,437
364,William,Williams,1991-06-27T13:29:54.963386,2017-12-26T13:29:54.963411,Event organiser,627
365,Dave,Chen,1986-09-05T13:29:54.963801,2019-04-27T13:29:54.963817,Sports therapist,499
366,Janet,Perez,1983-06-02T13:29:54.964081,2020-11-14T13:29:54.964104,Personal assistant,969
367,Scott,Kim,1995-01-29T13:29:54.964540,2020-11-01T13:29:54.964564,Sport and exercise psychologist,439
368,Steven,Butler,1996-04-12T13:29:54.965018,2020-02-27T13:29:54.965042,"Administrator, education",393
369,Rachel,Harrington,1983-10-12T13:29:54.965446,2020-04-23T13:29:54.965472,Archaeologist,642
370,Cheryl,Christensen,1993-12-28T13:29:54.965862,2016-03-02T13:29:54.965888,"Engineer, agricultural",922
371,Cheryl,Knight,1991-12-24T13:29:54.966304,2018-08-13T13:29:54.966329,Make,963
372,William,Kennedy,1985-09-13T13:29:54.966751,2016-09-09T13:29:54.966775,Surgeon,444
373,Samantha,Fuller,1990-11-12T13:29:54.967281,2019-10-16T13:29:54.967308,Quarry manager,28
374,Michael,Sutton,1996-05-03T13:29:54.967747,2021-08-08T13:29:54.967773,Quantity surveyor,570
375,Jeffrey,Hawkins,1985-03-16T13:29:54.968196,2018-07-31T13:29:54.968221,International aid/development worker,618
376,Chelsey,Sellers,1996-04-23T13:29:54.968664,2021-07-01T13:29:54.968695,"Scientist, product/process development",453
377,David,Matthews,1998-01-22T13:29:54.969154,2018-06-17T13:29:54.969184,Communications engineer,437
378,Susan,Le,1996-11-07T13:29:54.969638,2020-12-27T13:29:54.969669,Civil Service fast streamer,145
379,Courtney,Cannon,1984-10-10T13:29:54.970126,2013-10-17T13:29:54.970156,"Engineer, mining",751
380,Danielle,Durham,1997-06-14T13:29:54.970614,2021-05-26T13:29:54.970642,"Engineer, automotive",238
381,Timothy,Aguilar,1993-12-13T13:29:54.971090,2016-01-12T13:29:54.971123,"Designer, furniture",599
382,Rebecca,Johnson,2002-09-17T13:29:54.971581,2018-06-23T13:29:54.971611,"Education officer, environmental",471
383,Mary,Williams,1985-11-22T13:29:54.972059,2017-12-22T13:29:54.972084,Podiatrist,90
384,Douglas,Allen,1995-01-11T13:29:54.972539,2015-09-21T13:29:54.972566,"Surveyor, rural practice",913
385,Casey,Jordan,1989-11-05T13:29:54.973012,2016-06-23T13:29:54.973037,Graphic designer,968
386,Michelle,Crosby,1987-10-26T13:29:54.973485,2018-01-27T13:29:54.973513,Financial manager,709
387,John,Day,1999-08-02T13:29:54.973939,2020-09-13T13:29:54.973966,Government social research officer,183
388,Jason,Santos,1996-12-11T13:29:54.974404,2014-02-03T13:29:54.974440,Immigration officer,672
389,Andrea,Price,1988-08-13T13:29:54.974870,2013-12-23T13:29:54.974897,Air cabin crew,208
390,Tara,Nguyen,2000-06-30T13:29:54.975469,2022-02-28T13:29:54.975503,Catering manager,801
391,Sydney,Novak,1989-12-26T13:29:54.975936,2019-03-13T13:29:54.975961,Dealer,793
392,Stephanie,Jenkins,1994-12-18T13:29:54.976393,2018-11-04T13:29:54.976418,Armed forces logistics/support/administrative officer,646
393,Kent,Gregory,1994-09-01T13:29:54.976851,2014-03-17T13:29:54.976876,Air broker,71
394,Sarah,Morrison,1986-02-25T13:29:54.977333,2018-11-14T13:29:54.977360,"Therapist, drama",20
395,Juan,Duncan,1991-06-30T13:29:54.977817,2014-10-25T13:29:54.977846,"Journalist, newspaper",870
396,Zachary,Carter,1992-09-06T13:29:54.978275,2019-12-17T13:29:54.978299,Tax adviser,120
397,Jessica,Smith,1999-06-11T13:29:54.978772,2020-03-27T13:29:54.978802,"Engineer, electronics",957
398,Christopher,Myers,1996-09-27T13:29:54.979214,2015-07-28T13:29:54.979234,Tax adviser,837
399,Desiree,Craig,2000-06-03T13:29:54.979570,2019-11-02T13:29:54.979594,Race relations officer,149
400,Dennis,Edwards,2001-11-01T13:29:54.980015,2019-04-18T13:29:54.980041,"Engineer, control and instrumentation",562
401,Patricia,Bird,2002-08-08T13:29:54.980414,2020-08-29T13:29:54.980441,"Surveyor, rural practice",724
402,Nancy,Stewart,1994-01-30T13:29:54.980828,2021-11-28T13:29:54.980851,Publishing rights manager,238
403,Lisa,Browning,1996-03-16T13:29:54.981222,2015-03-15T13:29:54.981248,Information systems manager,887
404,Rhonda,Willis,1988-06-05T13:29:54.981617,2016-12-31T13:29:54.981640,Trade union research officer,853
405,Dillon,Anderson,1999-10-02T13:29:54.982018,2021-01-14T13:29:54.982045,Records manager,934
406,Drew,Escobar,1989-08-07T13:29:54.982305,2013-05-14T13:29:54.982320,Animal technologist,560
407,Charles,Whitney,1988-07-10T13:29:54.982564,2020-10-02T13:29:54.982579,International aid/development worker,104
408,Emily,Armstrong,2002-09-05T13:29:54.982811,2017-02-24T13:29:54.982825,Osteopath,294
409,Jessica,Pratt,1991-10-02T13:29:54.983070,2018-03-27T13:29:54.983085,Architect,59
410,Aaron,Roberts,2000-10-24T13:29:54.983305,2017-05-08T13:29:54.983317,Adult nurse,772
411,Wanda,Huerta,2001-03-07T13:29:54.983563,2016-12-15T13:29:54.983577,Dancer,509
412,Janet,Davis,1990-10-02T13:29:54.983798,2014-12-30T13:29:54.983810,Surgeon,70
413,Catherine,Clark,1992-06-27T13:29:54.984027,2013-07-14T13:29:54.984039,Food technologist,162
414,Leslie,Flores,1994-12-27T13:29:54.984254,2018-10-18T13:29:54.984266,Dealer,699
415,Eddie,Gordon,2001-04-03T13:29:54.984481,2015-04-28T13:29:54.984493,English as a foreign language teacher,674
416,Jody,Maxwell,1994-06-07T13:29:54.984708,2019-04-02T13:29:54.984719,"Designer, furniture",722
417,Courtney,Banks,1995-12-15T13:29:54.984933,2020-03-18T13:29:54.984945,Furniture designer,918
418,David,Andersen,1985-02-04T13:29:54.985160,2018-12-20T13:29:54.985172,Professor Emeritus,422
419,Tracy,Lyons,2001-07-06T13:29:54.985394,2013-12-30T13:29:54.985407,Lobbyist,219
420,Annette,Leon,1988-07-16T13:29:54.985624,2015-11-21T13:29:54.985636,Child psychotherapist,166
421,Kayla,Goodwin,1994-05-19T13:29:54.985866,2020-07-24T13:29:54.985878,Public relations officer,519
422,Angela,Davis,1996-06-04T13:29:54.986097,2015-03-21T13:29:54.986109,"Psychologist, forensic",227
423,Rebecca,Bradley,2002-03-25T13:29:54.986325,2014-02-07T13:29:54.986337,"Psychotherapist, child",52
424,Phillip,West,1993-09-26T13:29:54.986595,2016-06-20T13:29:54.986609,Dance movement psychotherapist,50
425,Kimberly,Miller,1987-07-15T13:29:54.986847,2017-01-28T13:29:54.986861,Chief Marketing Officer,880
426,Janet,Smith,1988-08-14T13:29:54.987080,2018-11-13T13:29:54.987092,"Nurse, learning disability",182
427,Kristen,Estrada,1997-06-22T13:29:54.987316,2015-02-21T13:29:54.987329,Newspaper journalist,926
428,Patrick,Jones,1996-05-10T13:29:54.987543,2017-07-10T13:29:54.987555,"Merchandiser, retail",721
429,Antonio,Kim,1994-04-20T13:29:54.987769,2019-10-22T13:29:54.987781,Industrial/product designer,5
430,Marcus,Henry,1996-09-22T13:29:54.987998,2019-07-16T13:29:54.988010,"Doctor, general practice",171
431,Jennifer,Gonzalez,1988-04-16T13:29:54.988231,2021-05-09T13:29:54.988244,Community pharmacist,56
432,Shelby,Wade,2000-10-27T13:29:54.988475,2015-04-24T13:29:54.988488,Clinical research associate,852
433,Charles,Curry,1995-12-30T13:29:54.988706,2021-02-23T13:29:54.988717,Armed forces operational officer,647
434,Daniel,Hudson,1990-02-01T13:29:54.988956,2013-09-11T13:29:54.988981,Jewellery designer,936
435,Alexis,Brown,1998-03-23T13:29:54.989207,2020-02-07T13:29:54.989219,"Sales professional, IT",562
436,Elizabeth,Johnson,1991-10-02T13:29:54.989434,2018-10-17T13:29:54.989446,Legal executive,113
437,Angela,Valencia,1990-04-26T13:29:54.989663,2017-10-25T13:29:54.989674,"Producer, television/film/video",274
438,Edwin,Buckley,1984-05-07T13:29:54.989889,2016-03-11T13:29:54.989901,"Librarian, academic",38
439,Cody,Jordan,1993-11-02T13:29:54.990133,2019-08-28T13:29:54.990146,Retail merchandiser,867
440,Craig,Hill,1990-07-08T13:29:54.990364,2017-09-11T13:29:54.990376,Youth worker,491
441,William,Wright,1999-07-26T13:29:54.990623,2021-12-11T13:29:54.990643,Research scientist (life sciences),435
442,Ashley,Warren,1997-04-18T13:29:54.990892,2020-11-17T13:29:54.990905,"Therapist, horticultural",273
443,Karen,Ferguson,1996-02-19T13:29:54.991124,2016-07-10T13:29:54.991136,"Designer, ceramics/pottery",409
444,Raven,Freeman,2003-02-06T13:29:54.991354,2022-03-25T13:29:54.991366,Office manager,483
445,Derek,Holt,1988-11-04T13:29:54.991582,2019-12-15T13:29:54.991594,Risk manager,375
446,James,Rowland,1986-01-17T13:29:54.991808,2021-04-15T13:29:54.991820,Museum/gallery curator,387
447,Connor,Anderson,1993-05-01T13:29:54.992040,2013-10-07T13:29:54.992053,Museum education officer,923
448,Kurt,Wiggins,2002-07-03T13:29:54.992269,2018-02-14T13:29:54.992282,Tourism officer,870
449,Derek,Rodriguez,1993-10-21T13:29:54.992496,2013-08-27T13:29:54.992508,"Secretary, company",294
450,Jose,Wolf,1995-07-31T13:29:54.992724,2019-08-21T13:29:54.992736,Insurance risk surveyor,291
451,Andrea,Morales,2001-07-07T13:29:54.992972,2022-03-15T13:29:54.992987,"Engineer, land",905
452,Bruce,Wolfe,1989-08-27T13:29:54.993211,2017-04-15T13:29:54.993224,Consulting civil engineer,763
453,Madison,Coleman,1988-05-05T13:29:54.993441,2020-04-12T13:29:54.993453,Architectural technologist,967
454,Emily,Bullock,2000-11-11T13:29:54.993669,2014-09-09T13:29:54.993681,Water engineer,778
455,Sara,Smith,1996-12-22T13:29:54.993896,2022-01-28T13:29:54.993908,Geophysicist/field seismologist,45
456,Douglas,Molina,2001-11-20T13:29:54.994121,2016-01-11T13:29:54.994133,"Therapist, drama",132
457,Laura,Waters,1985-12-13T13:29:54.994348,2014-11-05T13:29:54.994360,Musician,956
458,David,Pacheco,1995-02-15T13:29:54.994630,2021-09-18T13:29:54.994664,Commercial horticulturist,124
459,Thomas,Wright,1993-12-06T13:29:54.994894,2019-02-13T13:29:54.994907,Pathologist,586
460,Richard,Rodriguez,1990-12-04T13:29:54.995129,2015-08-23T13:29:54.995142,Arts administrator,751
461,James,Solis,1989-02-10T13:29:54.995360,2020-03-22T13:29:54.995372,Chiropodist,275
462,Brandon,Moreno,1993-12-11T13:29:54.995586,2015-04-07T13:29:54.995598,Newspaper journalist,207
463,Mary,Stevens,1998-03-26T13:29:54.995813,2020-12-30T13:29:54.995825,"Therapist, music",975
464,Steven,Garcia,1995-04-03T13:29:54.996039,2016-11-03T13:29:54.996051,"Engineer, technical sales",355
465,Angela,Decker,1995-02-18T13:29:54.996266,2020-10-04T13:29:54.996278,Education administrator,559
466,Shawn,Buck,1986-04-30T13:29:54.996490,2019-03-28T13:29:54.996502,Retail banker,640
467,Jonathan,Brooks,2000-01-28T13:29:54.996724,2021-08-13T13:29:54.996737,Seismic interpreter,949
468,Ashley,Nichols,1985-08-19T13:29:54.996954,2017-05-29T13:29:54.996966,Dealer,490
469,Jeffrey,Riley,1999-07-26T13:29:54.997182,2017-04-12T13:29:54.997194,Technical sales engineer,699
470,Jacob,Jacobs,1992-06-27T13:29:54.997407,2017-08-13T13:29:54.997419,Mental health nurse,492
471,Lauren,Boyle,2000-12-06T13:29:54.997634,2016-01-06T13:29:54.997646,"Engineer, manufacturing systems",12
472,Teresa,Jackson,1993-02-12T13:29:54.997861,2018-10-19T13:29:54.997873,Tour manager,781
473,Connor,Obrien,2001-07-06T13:29:54.998092,2019-09-03T13:29:54.998105,Sales executive,517
474,Jennifer,Aguilar,1998-04-16T13:29:54.998471,2015-06-07T13:29:54.998487,Interpreter,106
475,Adam,Reed,1985-08-03T13:29:54.998709,2016-12-18T13:29:54.998722,Quarry manager,819
476,Brian,Jones,1990-06-06T13:29:54.998940,2016-03-11T13:29:54.998952,"Teacher, special educational needs",512
477,Sandra,Torres,1984-07-28T13:29:54.999174,2021-06-22T13:29:54.999187,"Radiographer, diagnostic",814
478,Maria,Barnes,2001-10-21T13:29:54.999405,2015-06-01T13:29:54.999417,Counsellor,523
479,Thomas,Johnson,1984-12-10T13:29:54.999631,2019-08-22T13:29:54.999642,Adult guidance worker,84
480,Sean,Park,1987-01-17T13:29:54.999856,2016-07-19T13:29:54.999868,"Designer, furniture",203
481,Brian,Luna,1990-01-30T13:29:55.000081,2021-08-10T13:29:55.000093,Data scientist,21
482,Michelle,Martin,2001-03-02T13:29:55.000307,2018-05-20T13:29:55.000319,Paramedic,784
483,Sandra,Graham,2001-08-01T13:29:55.000533,2019-03-27T13:29:55.000545,Sales promotion account executive,864
484,Ray,Russell,1987-08-12T13:29:55.000758,2014-01-30T13:29:55.000770,"Nurse, learning disability",269
485,Gregory,Mcguire,1993-02-12T13:29:55.000983,2021-12-24T13:29:55.000995,Data scientist,632
486,Cassandra,Hooper,1987-07-10T13:29:55.001212,2015-12-12T13:29:55.001225,"Research officer, trade union",943
487,Michael,Caldwell,1997-08-23T13:29:55.001438,2015-06-10T13:29:55.001450,"Surveyor, quantity",39
488,Mark,Anderson,1989-05-03T13:29:55.001663,2013-09-27T13:29:55.001675,Hydrographic surveyor,782
489,Kaitlin,Ward,1984-04-03T13:29:55.001892,2020-09-08T13:29:55.001904,"Social research officer, government",250
490,Emily,Myers,2002-03-15T13:29:55.002119,2021-03-19T13:29:55.002131,Personal assistant,584
491,Rachel,Smith,2003-04-18T13:29:55.002347,2020-12-13T13:29:55.002359,Microbiologist,293
492,Nathan,Christensen,1994-06-11T13:29:55.002590,2013-11-16T13:29:55.002603,Risk manager,272
493,Benjamin,Wilson,1988-01-08T13:29:55.002825,2020-09-21T13:29:55.002838,"Designer, fashion/clothing",603
494,Julie,Sheppard,1995-01-17T13:29:55.003054,2019-05-12T13:29:55.003067,"Restaurant manager, fast food",649
495,Tara,Floyd,1985-02-22T13:29:55.003281,2020-12-21T13:29:55.003293,Animator,614
496,David,Hamilton,1984-04-14T13:29:55.003512,2019-09-29T13:29:55.003524,Education administrator,764
497,Melanie,Owens,1992-10-09T13:29:55.003738,2018-10-25T13:29:55.003750,Furniture designer,436
498,Glenn,Christian,1991-10-07T13:29:55.003965,2014-03-09T13:29:55.003976,Interior and spatial designer,719
499,Mark,Payne,1997-05-03T13:29:55.004195,2021-06-11T13:29:55.004208,"Engineer, aeronautical",387
500,Reginald,Hall,1998-12-30T13:29:55.004423,2017-06-24T13:29:55.004435,Medical illustrator,536
501,Joseph,Jensen,1984-09-18T13:29:55.004649,2022-01-27T13:29:55.004661,Production manager,49
502,Natasha,Moore,1995-12-10T13:29:55.004881,2014-07-01T13:29:55.004894,Chartered management accountant,216
503,Denise,Smith,2000-12-05T13:29:55.005109,2017-12-14T13:29:55.005121,Further education lecturer,638
504,Michael,Cook,1990-02-11T13:29:55.005498,2014-12-18T13:29:55.005530,Cabin crew,894
505,Alyssa,Bennett,1999-10-13T13:29:55.005764,2016-11-28T13:29:55.005778,"Programmer, applications",828
506,Briana,Hines,1984-03-01T13:29:55.005997,2013-11-03T13:29:55.006010,Operational investment banker,713
507,Madeline,Rodriguez,1992-05-22T13:29:55.006229,2019-10-28T13:29:55.006241,Ambulance person,158
508,Sandra,Franklin,1997-04-02T13:29:55.006473,2017-01-04T13:29:55.006488,"Conservation officer, historic buildings",779
509,Felicia,Davis,1998-04-12T13:29:55.006707,2016-06-26T13:29:55.006719,Occupational psychologist,640
510,Ian,Baker,2001-02-06T13:29:55.006934,2014-05-11T13:29:55.006946,Arboriculturist,954
511,Joseph,Burgess,2000-12-16T13:29:55.007159,2022-02-01T13:29:55.007171,Metallurgist,932
512,Elizabeth,Steele,1993-08-18T13:29:55.007393,2015-06-07T13:29:55.007406,Clinical embryologist,702
513,Melissa,Mcconnell,1986-04-29T13:29:55.007624,2015-09-15T13:29:55.007636,Education administrator,806
514,Kevin,Chang,1992-04-10T13:29:55.007850,2015-09-07T13:29:55.007863,Air broker,538
515,Cynthia,Nielsen,1984-07-31T13:29:55.008076,2017-02-08T13:29:55.008088,Television floor manager,362
516,Bethany,Dunn,2001-01-08T13:29:55.008301,2014-08-01T13:29:55.008313,Audiological scientist,612
517,Brittany,Morris,1998-04-14T13:29:55.008528,2013-09-23T13:29:55.008540,"Engineer, communications",753
518,Tina,Anderson,1994-08-12T13:29:55.008755,2014-06-27T13:29:55.008767,Product/process development scientist,837
519,Brian,Tanner,1984-01-21T13:29:55.008981,2021-01-29T13:29:55.008993,"Engineer, production",8
520,Amanda,Morris,1986-06-03T13:29:55.010122,2016-05-30T13:29:55.010140,"Engineer, civil (contracting)",456
521,Scott,Bright,1995-04-13T13:29:55.010370,2013-05-23T13:29:55.010383,Insurance risk surveyor,695
522,Hunter,Jones,1994-01-11T13:29:55.010619,2014-12-27T13:29:55.010633,Broadcast engineer,32
523,Brittany,Miller,1989-11-18T13:29:55.010849,2015-06-25T13:29:55.010861,Personnel officer,502
524,James,Howell,1992-04-10T13:29:55.011077,2016-09-29T13:29:55.011090,Manufacturing systems engineer,31
525,Roger,Curry,1993-07-17T13:29:55.011312,2014-04-30T13:29:55.011325,"Horticulturist, commercial",197
526,Kent,Gallagher,1995-10-13T13:29:55.011540,2016-02-07T13:29:55.011552,IT sales professional,998
527,Andrea,Griffith,1999-11-11T13:29:55.011771,2013-07-31T13:29:55.011784,Dramatherapist,576
528,Richard,Mayer,1985-04-18T13:29:55.011999,2014-05-29T13:29:55.012011,"Administrator, local government",971
529,Jennifer,Hall,1996-11-26T13:29:55.012224,2014-07-20T13:29:55.012236,Dealer,59
530,Nicole,Cook,1990-11-17T13:29:55.012449,2018-04-26T13:29:55.012460,Primary school teacher,875
531,Donna,Best,1994-06-03T13:29:55.012726,2014-01-30T13:29:55.012743,Advertising account executive,367
532,Stephanie,Price,1990-07-12T13:29:55.012966,2018-05-19T13:29:55.012978,"Therapist, horticultural",754
533,Kyle,Anderson,1985-02-14T13:29:55.013194,2013-04-29T13:29:55.013206,Rural practice surveyor,464
534,Mark,Hawkins,1985-11-05T13:29:55.013422,2014-12-29T13:29:55.013434,Special effects artist,62
535,Samuel,Clark,1984-03-05T13:29:55.013649,2015-04-29T13:29:55.013661,Systems analyst,776
536,Patricia,Garza,1996-03-29T13:29:55.013876,2022-01-17T13:29:55.013887,Counsellor,567
537,Tiffany,Jimenez,1998-02-18T13:29:55.014101,2014-10-20T13:29:55.014113,Oncologist,12
538,Erik,Berry,1997-08-13T13:29:55.014342,2020-08-07T13:29:55.014355,Pension scheme manager,476
539,Daniel,Hernandez,1989-06-05T13:29:55.014598,2016-09-30T13:29:55.014612,Diagnostic radiographer,705
540,Tammy,Anderson,1997-09-12T13:29:55.014830,2017-03-29T13:29:55.014841,"Designer, television/film set",283
541,Timothy,Wells,1984-07-31T13:29:55.015057,2017-05-04T13:29:55.015069,Sports therapist,702
542,Nicholas,Mack,1990-03-19T13:29:55.015283,2016-04-10T13:29:55.015294,Advertising art director,202
543,Carrie,Kelly,1986-01-11T13:29:55.015507,2021-03-13T13:29:55.015519,Logistics and distribution manager,406
544,Matthew,Lee,1989-09-06T13:29:55.015732,2017-06-14T13:29:55.015743,Retail merchandiser,820
545,Jennifer,Dennis,1998-04-02T13:29:55.015956,2021-07-16T13:29:55.015968,"Pharmacist, hospital",648
546,Dana,Santos,1994-01-19T13:29:55.016181,2021-08-02T13:29:55.016192,Insurance account manager,94
547,Lindsey,Hamilton,1999-09-11T13:29:55.016405,2016-08-06T13:29:55.016416,Astronomer,631
548,Donna,Newman,1989-07-10T13:29:55.016629,2014-09-13T13:29:55.016640,"Teacher, early years/pre",116
549,Deborah,Campbell,1993-11-18T13:29:55.016856,2017-09-10T13:29:55.016867,Armed forces technical officer,149
550,Scott,Moon,1998-06-29T13:29:55.017080,2018-03-02T13:29:55.017092,Physiological scientist,260
551,John,Stewart,1987-05-08T13:29:55.017310,2014-07-10T13:29:55.017323,"Therapist, nutritional",418
552,Ernest,Grant,1991-04-14T13:29:55.017543,2017-06-12T13:29:55.017555,Animal nutritionist,138
553,Patrick,Roy,1998-07-13T13:29:55.017769,2014-07-10T13:29:55.017781,Exercise physiologist,160
554,Hector,Ramirez,1997-11-12T13:29:55.017996,2016-03-13T13:29:55.018007,Licensed conveyancer,167
555,Wesley,King,1991-08-07T13:29:55.018220,2015-07-29T13:29:55.018231,Camera operator,397
556,Martin,Chavez,2000-03-25T13:29:55.018459,2014-03-18T13:29:55.018473,Personnel officer,425
557,Monique,Martinez,2002-01-20T13:29:55.018691,2017-09-09T13:29:55.018703,Advertising account executive,643
558,Casey,Scott,1989-03-05T13:29:55.018916,2013-08-05T13:29:55.018928,Arboriculturist,307
559,Chad,Cook,1984-02-29T13:29:55.019141,2020-01-09T13:29:55.019152,Research scientist (medical),542
560,Molly,Murphy,2000-03-11T13:29:55.019365,2021-09-24T13:29:55.019377,Hotel manager,87
561,Karina,Singleton,1996-12-08T13:29:55.019596,2021-01-28T13:29:55.019608,Information systems manager,499
562,Erica,Jenkins,1993-07-09T13:29:55.019821,2017-05-01T13:29:55.019833,Mental health nurse,273
563,Lance,Martinez,2000-06-10T13:29:55.020044,2013-12-21T13:29:55.020056,Tax inspector,224
564,Christopher,Lowery,2001-01-12T13:29:55.020274,2019-07-07T13:29:55.020286,"Scientist, research (maths)",197
565,Brian,Lewis,1998-10-21T13:29:55.020506,2016-10-15T13:29:55.020518,Field seismologist,195
566,Xavier,Bender,1997-09-20T13:29:55.020740,2016-02-08T13:29:55.020753,"Journalist, newspaper",44
567,Amy,Kim,1995-01-04T13:29:55.020970,2020-06-25T13:29:55.020982,"Engineer, chemical",240
568,Jonathan,Chapman,1993-11-14T13:29:55.021198,2017-05-16T13:29:55.021210,Sales executive,64
569,Jason,Mayer,1989-07-08T13:29:55.021424,2022-01-09T13:29:55.021436,Soil scientist,619
570,Raymond,Bowen,1996-06-25T13:29:55.021649,2021-02-22T13:29:55.021660,Jewellery designer,186
571,Kayla,Perez,1984-04-18T13:29:55.021871,2015-09-17T13:29:55.021883,Learning mentor,148
572,Matthew,Cook,1984-04-23T13:29:55.022097,2017-03-29T13:29:55.022108,"Administrator, Civil Service",16
573,Erika,Martinez,1988-02-01T13:29:55.022321,2017-09-23T13:29:55.022332,Merchant navy officer,3
574,Tiffany,Villanueva,2000-12-24T13:29:55.022560,2018-10-20T13:29:55.022574,Acupuncturist,520
575,Julie,Cochran,1988-07-21T13:29:55.022790,2020-06-14T13:29:55.022801,Speech and language therapist,190
576,Donald,Mccall,1984-05-22T13:29:55.023017,2020-04-07T13:29:55.023029,Medical illustrator,442
577,Michelle,Hamilton,1996-02-20T13:29:55.023251,2017-02-11T13:29:55.023263,Outdoor activities/education manager,484
578,Cynthia,Cortez,2002-09-08T13:29:55.023479,2013-06-02T13:29:55.023491,Estate manager/land agent,17
579,Hannah,Garcia,1986-05-29T13:29:55.023705,2016-04-12T13:29:55.023716,Tax inspector,870
580,Margaret,Hayes,1997-08-23T13:29:55.023930,2019-10-03T13:29:55.023941,Insurance account manager,365
581,Katie,Farmer,1987-04-13T13:29:55.024154,2018-04-27T13:29:55.024166,Electrical engineer,419
582,Daniel,Dunn,1989-10-04T13:29:55.024379,2015-02-03T13:29:55.024390,Associate Professor,19
583,Martha,Gonzalez,1985-01-06T13:29:55.024604,2015-08-12T13:29:55.024616,"Investment banker, operational",580
584,Nicole,Riddle,1990-05-13T13:29:55.024829,2016-04-21T13:29:55.024840,Sport and exercise psychologist,885
585,Daniel,Hill,1997-04-20T13:29:55.025053,2021-01-28T13:29:55.025064,Product manager,625
586,Richard,Gilbert,2000-02-04T13:29:55.025278,2019-07-06T13:29:55.025289,Tourist information centre manager,697
587,James,Simon,1984-07-19T13:29:55.025606,2020-08-21T13:29:55.025645,Geochemist,920
588,Melissa,Jones,1993-06-09T13:29:55.025915,2020-10-13T13:29:55.025930,"Engineer, manufacturing",765
589,Marc,Larsen,1998-12-27T13:29:55.026150,2019-10-12T13:29:55.026162,"Lecturer, higher education",675
590,Lauren,Page,1988-05-24T13:29:55.026386,2020-04-18T13:29:55.026399,"Geologist, engineering",549
591,Laura,Farrell,1986-03-06T13:29:55.026632,2016-10-13T13:29:55.026645,"Administrator, local government",563
592,Jesse,Harvey,1995-04-16T13:29:55.026860,2015-12-01T13:29:55.026872,Community development worker,833
593,Whitney,Caldwell,2001-09-21T13:29:55.027089,2018-10-16T13:29:55.027101,"Engineer, automotive",98
594,Heather,Sharp,1984-04-20T13:29:55.027316,2018-09-06T13:29:55.027328,Data processing manager,91
595,Mark,Smith,2001-06-04T13:29:55.027541,2014-01-30T13:29:55.027553,Clinical psychologist,791
596,Lori,Douglas,2000-06-18T13:29:55.027767,2018-11-15T13:29:55.027778,"Psychotherapist, child",391
597,Ricky,Lloyd,1985-03-27T13:29:55.027991,2018-01-22T13:29:55.028002,Information officer,186
598,Patricia,Williams,1991-02-10T13:29:55.028216,2013-05-07T13:29:55.028227,Market researcher,417
599,Stephanie,Perry,1996-08-15T13:29:55.028440,2019-02-11T13:29:55.028451,Medical technical officer,819
600,Brittney,Mills,1990-04-02T13:29:55.028664,2017-07-19T13:29:55.028675,"Surveyor, commercial/residential",575
601,Wendy,Kennedy,2002-08-08T13:29:55.028889,2017-10-02T13:29:55.028900,Tree surgeon,98
602,Tracy,Kim,2002-04-26T13:29:55.029120,2013-11-24T13:29:55.029133,"Therapist, music",403
603,Gary,Rodriguez,1994-05-20T13:29:55.029353,2020-11-16T13:29:55.029366,Fashion designer,370
604,Christopher,Pacheco,1985-08-27T13:29:55.029580,2014-05-02T13:29:55.029591,Financial trader,243
605,Jared,Taylor,1984-08-27T13:29:55.029806,2016-02-17T13:29:55.029817,Hydrogeologist,121
606,Thomas,Norman,1995-10-10T13:29:55.030031,2019-01-14T13:29:55.030043,Science writer,91
607,Laura,Cortez,1992-03-01T13:29:55.030257,2018-08-02T13:29:55.030268,"Engineer, electronics",524
608,Eric,Nguyen,1997-06-19T13:29:55.030520,2022-03-03T13:29:55.030535,Set designer,797
609,James,Williams,1993-10-23T13:29:55.030755,2014-08-27T13:29:55.030766,"Surveyor, insurance",154
610,Trevor,Cooper,1984-11-03T13:29:55.030982,2013-04-27T13:29:55.030993,Surgeon,359
611,William,Davis,1983-08-01T13:29:55.031209,2016-02-28T13:29:55.031221,Telecommunications researcher,990
612,Heather,Ali,2001-09-08T13:29:55.031434,2018-08-12T13:29:55.031445,Further education lecturer,275
613,Leonard,King,1999-04-29T13:29:55.031657,2020-02-15T13:29:55.031669,"Librarian, academic",103
614,Jeremy,Miller,2002-09-14T13:29:55.031881,2016-07-10T13:29:55.031892,Trade mark attorney,118
615,Jasmine,Castro,1983-05-11T13:29:55.032106,2021-07-31T13:29:55.032118,"Scientist, physiological",970
616,Thomas,Davis,1983-08-01T13:29:55.032336,2013-05-04T13:29:55.032349,"Engineer, civil (contracting)",917
617,Jessica,Vargas,1983-11-03T13:29:55.032564,2015-03-30T13:29:55.032575,Cytogeneticist,671
618,Marc,Thompson,1984-01-14T13:29:55.032789,2016-06-01T13:29:55.032801,Associate Professor,326
619,Thomas,Watson,2002-11-13T13:29:55.033013,2014-09-26T13:29:55.033025,Child psychotherapist,427
620,Monica,Miranda,1997-11-08T13:29:55.033239,2019-03-22T13:29:55.033250,Geophysical data processor,856
621,Sandra,Rose,1992-01-28T13:29:55.033462,2019-06-22T13:29:55.033474,Radio producer,458
622,Stephanie,Brown,1988-04-11T13:29:55.033686,2015-04-12T13:29:55.033697,Social researcher,865
623,Lisa,Hanson,1992-08-12T13:29:55.033909,2019-08-08T13:29:55.033920,"Geneticist, molecular",750
624,Kimberly,Herman,1995-04-16T13:29:55.034132,2021-12-28T13:29:55.034144,Solicitor,314
625,William,Edwards,1988-08-13T13:29:55.034356,2018-11-20T13:29:55.034368,Camera operator,820
626,Christopher,Salinas,1996-12-28T13:29:55.034590,2014-01-01T13:29:55.034603,Trade mark attorney,315
627,Deborah,Brown,1990-02-28T13:29:55.034823,2018-05-06T13:29:55.034835,"Solicitor, Scotland",420
628,Maria,Pierce,2000-08-17T13:29:55.035049,2014-04-21T13:29:55.035061,Magazine features editor,564
629,Timothy,King,1996-01-17T13:29:55.035284,2017-11-02T13:29:55.035297,Insurance claims handler,619
630,Brianna,Dalton,1999-01-31T13:29:55.035513,2017-09-04T13:29:55.035525,Passenger transport manager,91
631,Angela,Bond,1998-12-10T13:29:55.035740,2015-03-23T13:29:55.035752,Risk analyst,360
632,Mark,Murray,1991-06-29T13:29:55.035966,2021-06-01T13:29:55.035977,English as a second language teacher,114
633,Lisa,Hill,2001-07-30T13:29:55.036189,2013-07-09T13:29:55.036201,"Engineer, agricultural",654
634,Adam,Graves,1986-02-04T13:29:55.036413,2018-07-20T13:29:55.036425,Chartered accountant,272
635,Leslie,Graham,1998-11-10T13:29:55.036637,2017-08-16T13:29:55.036648,"Exhibitions officer, museum/gallery",336
636,Reginald,Cox,2001-03-18T13:29:55.036861,2019-02-15T13:29:55.036872,Call centre manager,400
637,Chelsea,Rodriguez,1993-07-14T13:29:55.037084,2015-04-18T13:29:55.037096,"Scientist, biomedical",466
638,Stephen,Gallagher,1983-12-29T13:29:55.037309,2017-07-06T13:29:55.037321,"Pharmacist, community",895
639,Brianna,Campos,1989-12-28T13:29:55.037534,2018-08-29T13:29:55.037545,Medical laboratory scientific officer,79
640,Stephanie,Coffey,1996-07-29T13:29:55.037761,2019-12-22T13:29:55.037773,Cabin crew,597
641,Elijah,Wood,1998-05-09T13:29:55.037986,2016-04-24T13:29:55.037998,Careers adviser,818
642,David,Martin,1993-04-12T13:29:55.038215,2014-06-11T13:29:55.038228,Academic librarian,906
643,Evelyn,Walsh,2001-08-23T13:29:55.038460,2020-02-28T13:29:55.038474,"Designer, industrial/product",973
644,Tyrone,Blake,1995-06-04T13:29:55.038694,2016-02-28T13:29:55.038705,"Scientist, product/process development",510
645,Antonio,Montgomery,1996-10-07T13:29:55.038920,2021-07-13T13:29:55.038932,"Librarian, academic",751
646,Lisa,Clark,1993-03-24T13:29:55.039145,2014-03-17T13:29:55.039156,Radio producer,791
647,Denise,Moore,1988-03-06T13:29:55.039370,2013-10-26T13:29:55.039382,Art gallery manager,777
648,Tamara,Atkins,2001-11-15T13:29:55.039595,2021-07-19T13:29:55.039607,Tour manager,807
649,Julie,Simon,1998-01-15T13:29:55.039821,2014-03-18T13:29:55.039832,Forest/woodland manager,582
650,John,Allison,2000-11-14T13:29:55.040048,2021-11-29T13:29:55.040059,"Surveyor, commercial/residential",36
651,Samantha,Crosby,1989-12-05T13:29:55.040272,2015-07-15T13:29:55.040284,"Surveyor, quantity",450
652,Erik,Chavez,1996-11-28T13:29:55.040503,2014-01-22T13:29:55.040515,"Engineer, structural",475
653,Kyle,Stokes,1986-09-27T13:29:55.040730,2017-11-23T13:29:55.040741,"Production assistant, television",731
654,Dustin,Hernandez,1997-08-05T13:29:55.040954,2018-04-23T13:29:55.040965,Materials engineer,259
655,Paula,Mitchell,2002-08-28T13:29:55.041182,2015-01-21T13:29:55.041194,Public relations account executive,460
656,Eric,Sanchez,1993-08-28T13:29:55.041408,2014-11-08T13:29:55.041419,Civil Service administrator,167
657,Amy,Marshall,1992-01-30T13:29:55.041635,2020-08-23T13:29:55.041646,Mudlogger,825
658,Shane,Young,1992-05-29T13:29:55.041858,2020-11-24T13:29:55.041869,Youth worker,664
659,Adam,Drake,1995-03-18T13:29:55.042083,2016-02-02T13:29:55.042095,Research scientist (life sciences),499
660,Nicole,Gomez,1996-08-31T13:29:55.042307,2013-10-23T13:29:55.042318,Chartered management accountant,305
661,Richard,Mendoza,1998-12-11T13:29:55.042539,2017-11-15T13:29:55.042551,Warden/ranger,137
662,Ashley,Frazier,1997-10-30T13:29:55.042762,2018-06-07T13:29:55.042774,"Research officer, political party",935
663,Taylor,Bradley,1984-03-13T13:29:55.042987,2016-07-05T13:29:55.042998,"Designer, industrial/product",27
664,Jeffrey,Kelley,1984-11-29T13:29:55.043212,2017-12-08T13:29:55.043223,"Administrator, charities/voluntary organisations",421
665,Thomas,Fox,1999-06-10T13:29:55.043436,2014-08-08T13:29:55.043447,"Lecturer, further education",327
666,Jessica,English,2002-02-22T13:29:55.043658,2016-03-07T13:29:55.043670,Mechanical engineer,881
667,Alan,Smith,2001-10-29T13:29:55.043885,2016-05-05T13:29:55.043896,Research scientist (maths),313
668,David,Smith,1998-09-27T13:29:55.044116,2016-06-13T13:29:55.044128,"Engineer, structural",310
669,Anthony,Baker,1995-07-04T13:29:55.044340,2020-05-31T13:29:55.044352,Fitness centre manager,588
670,Jennifer,Woodard,1998-11-20T13:29:55.044565,2017-10-18T13:29:55.044576,"Engineer, automotive",845
671,Antonio,Ford,2001-08-07T13:29:55.044789,2015-04-12T13:29:55.044800,Database administrator,506
672,Matthew,Johnson,1997-09-11T13:29:55.045011,2014-11-20T13:29:55.045023,Retail merchandiser,302
673,Andrew,Freeman,1995-10-15T13:29:55.045236,2016-05-07T13:29:55.045247,Paediatric nurse,453
674,Sarah,Hanson,1995-06-09T13:29:55.045464,2019-08-12T13:29:55.045476,Operations geologist,820
675,George,Rodriguez,1999-09-12T13:29:55.045688,2018-06-14T13:29:55.045700,Media buyer,690
676,Karen,Chavez,1989-08-21T13:29:55.045912,2013-08-22T13:29:55.045924,Clinical cytogeneticist,324
677,Stephanie,Fritz,1991-04-28T13:29:55.046141,2021-08-23T13:29:55.046153,Accounting technician,282
678,Melissa,Maddox,1989-06-12T13:29:55.046366,2017-08-05T13:29:55.046377,Site engineer,831
679,Deborah,Caldwell,1987-12-30T13:29:55.046602,2019-05-25T13:29:55.046615,Applications developer,593
680,Erin,Ochoa,1989-03-29T13:29:55.046832,2017-08-07T13:29:55.046844,"Engineer, technical sales",904
681,Karen,Davis,1986-11-21T13:29:55.047061,2019-04-04T13:29:55.047073,Associate Professor,248
682,Nicholas,Santana,1984-07-10T13:29:55.047288,2016-07-16T13:29:55.047299,Product/process development scientist,373
683,Danielle,Wilson,2002-12-13T13:29:55.047514,2015-03-01T13:29:55.047526,Chief Financial Officer,613
684,Dana,Contreras,1993-07-21T13:29:55.047739,2014-09-08T13:29:55.047751,IT technical support officer,826
685,Bianca,Bryant,1989-02-14T13:29:55.047963,2018-03-17T13:29:55.047975,Animator,950
686,Brian,Hall,1989-11-13T13:29:55.048188,2016-01-14T13:29:55.048199,Biomedical scientist,511
687,Heather,Cohen,2001-03-06T13:29:55.048412,2019-10-27T13:29:55.048424,"Engineer, drilling",98
688,Heather,Smith,1990-05-29T13:29:55.048637,2018-07-20T13:29:55.048648,Paediatric nurse,268
689,Anna,Reyes,1990-08-05T13:29:55.048860,2014-03-11T13:29:55.048872,"Surveyor, minerals",741
690,Pamela,Tran,2000-11-14T13:29:55.049087,2016-06-06T13:29:55.049098,Charity fundraiser,877
691,Austin,Peters,2000-06-01T13:29:55.049314,2021-12-06T13:29:55.049326,Financial controller,581
692,Emily,Adams,1996-12-19T13:29:55.049546,2018-06-25T13:29:55.049559,Oceanographer,895
693,Kenneth,Bell,1996-09-17T13:29:55.049776,2022-01-29T13:29:55.049788,Radiation protection practitioner,418
694,Daniel,Perez,1986-11-06T13:29:55.050009,2014-01-15T13:29:55.050022,Operations geologist,542
695,Michael,Jackson,1989-07-26T13:29:55.050238,2014-12-31T13:29:55.050250,"Psychologist, counselling",984
696,Aaron,Johnson,1997-01-22T13:29:55.050469,2017-01-29T13:29:55.050481,Interior and spatial designer,587
697,Larry,Romero,1998-07-11T13:29:55.050695,2016-04-05T13:29:55.050706,Sales promotion account executive,486
698,Meghan,Hart,1988-12-18T13:29:55.050919,2019-11-21T13:29:55.050931,Charity fundraiser,957
699,James,Munoz,1994-04-04T13:29:55.051145,2020-04-17T13:29:55.051157,Actuary,740
700,Kyle,Wright,1991-11-01T13:29:55.051371,2020-10-02T13:29:55.051382,Dentist,119
701,Dana,Taylor,2003-02-20T13:29:55.051596,2022-01-30T13:29:55.051608,Cabin crew,138
702,Mackenzie,Lee,1992-05-29T13:29:55.051825,2014-05-29T13:29:55.051838,Building surveyor,245
703,David,Reyes,1994-09-04T13:29:55.052053,2019-11-11T13:29:55.052065,Sport and exercise psychologist,227
704,Pamela,Hanson,1988-05-26T13:29:55.052279,2021-03-03T13:29:55.052291,Engineering geologist,623
705,Dustin,Johnson,2001-07-31T13:29:55.052504,2021-06-06T13:29:55.052515,Agricultural consultant,201
706,Jason,Graham,1991-08-01T13:29:55.052729,2019-04-25T13:29:55.052741,"Conservation officer, nature",378
707,Cassandra,Barry,1989-08-24T13:29:55.052959,2020-11-17T13:29:55.052971,Armed forces training and education officer,516
708,Victor,Moore,1988-10-12T13:29:55.053185,2021-05-06T13:29:55.053196,"Teacher, English as a foreign language",319
709,Elizabeth,Boyd,2001-04-05T13:29:55.053414,2018-01-09T13:29:55.053426,"Scientist, marine",862
710,Natasha,Singh,1985-07-03T13:29:55.053640,2015-06-24T13:29:55.053652,IT sales professional,380
711,Cynthia,Clark,1989-01-27T13:29:55.053865,2021-01-29T13:29:55.053876,Building control surveyor,583
712,Rebecca,Parker,2001-10-31T13:29:55.054091,2015-04-29T13:29:55.054103,Chief Strategy Officer,919
713,Helen,Page,2002-01-17T13:29:55.054318,2015-03-16T13:29:55.054329,"Chemist, analytical",672
714,Sarah,Gonzalez,1991-09-15T13:29:55.054551,2013-04-19T13:29:55.054563,Dentist,128
715,Gina,Wolf,1989-09-19T13:29:55.055014,2017-12-03T13:29:55.055031,"Geneticist, molecular",820
716,Shane,Mccarthy,1997-01-10T13:29:55.055253,2019-11-01T13:29:55.055265,"Accountant, chartered public finance",946
717,Glenda,Singleton,2001-08-27T13:29:55.055483,2019-05-21T13:29:55.055495,Exercise physiologist,749
718,Anthony,Kirk,1983-07-04T13:29:55.055774,2014-06-14T13:29:55.055802,Immunologist,433
719,Dennis,Garcia,1984-05-01T13:29:55.056092,2016-05-11T13:29:55.056109,Dietitian,227
720,Corey,Powell,2000-09-09T13:29:55.056340,2020-07-28T13:29:55.056353,Licensed conveyancer,729
721,Shawn,Ross,1984-07-25T13:29:55.056570,2017-06-01T13:29:55.056582,Materials engineer,220
722,Paul,Randall,1996-06-17T13:29:55.056797,2016-08-05T13:29:55.056809,Ophthalmologist,616
723,Anthony,Herrera,2002-12-10T13:29:55.057081,2019-07-08T13:29:55.057100,Commissioning editor,464
724,Charles,Lee,1989-06-07T13:29:55.057326,2021-09-30T13:29:55.057339,Research scientist (physical sciences),261
725,Robert,Villarreal,2001-04-28T13:29:55.057661,2017-02-14T13:29:55.057689,Arboriculturist,14
726,Zachary,Mitchell,1992-10-07T13:29:55.058088,2015-12-14T13:29:55.058116,Geochemist,142
727,Sheri,Young,1983-11-06T13:29:55.058570,2018-09-24T13:29:55.058597,"Designer, exhibition/display",401
728,Christopher,Hill,1999-01-09T13:29:55.059029,2021-03-17T13:29:55.059055,Pension scheme manager,434
729,Elizabeth,Salazar,1997-08-15T13:29:55.059459,2016-01-09T13:29:55.059486,"Administrator, arts",30
730,Gabrielle,Arnold,1995-10-05T13:29:55.059855,2014-05-20T13:29:55.059881,Scientific laboratory technician,180
731,Troy,Zhang,1991-05-14T13:29:55.060264,2018-06-21T13:29:55.060290,Magazine journalist,673
732,Mark,Smith,1991-08-28T13:29:55.060660,2016-08-15T13:29:55.060683,Occupational hygienist,900
733,Dawn,Morales,1983-10-29T13:29:55.061087,2020-02-13T13:29:55.061110,Exercise physiologist,683
734,William,Harris,1988-04-10T13:29:55.061486,2022-02-27T13:29:55.061509,"Radiographer, diagnostic",499
735,Robert,Esparza,2002-11-21T13:29:55.061802,2014-09-06T13:29:55.061819,Energy manager,396
736,Brian,Harper,2000-11-04T13:29:55.062042,2020-03-13T13:29:55.062054,Interior and spatial designer,94
737,Jason,Keller,1989-12-02T13:29:55.062338,2021-01-17T13:29:55.062358,Insurance broker,328
738,Michael,Reynolds,1983-05-18T13:29:55.062755,2018-05-22T13:29:55.062775,Television/film/video producer,348
739,Paul,Hanson,1999-02-17T13:29:55.063154,2014-06-03T13:29:55.063172,Theatre director,636
740,Pamela,Santana,1998-09-28T13:29:55.063551,2020-02-07T13:29:55.063569,Automotive engineer,765
741,Ashley,Dalton,1985-11-25T13:29:55.063827,2017-07-28T13:29:55.063840,Acupuncturist,805
742,Jeffrey,Gilbert,2001-08-27T13:29:55.064215,2015-10-13T13:29:55.064238,Community arts worker,806
743,Jerome,Obrien,1990-02-17T13:29:55.064606,2017-06-06T13:29:55.064626,"Psychologist, counselling",328
744,Sydney,Roberts,2002-08-11T13:29:55.065009,2016-09-14T13:29:55.065032,Immigration officer,306
745,James,Cruz,1998-10-12T13:29:55.065405,2017-09-26T13:29:55.065425,"Psychotherapist, dance movement",803
746,Melissa,Bennett,2001-04-09T13:29:55.065802,2017-08-20T13:29:55.065823,Camera operator,984
747,Debra,Owens,2000-10-11T13:29:55.066188,2020-08-23T13:29:55.066209,"Administrator, sports",631
748,Lisa,Myers,1992-07-12T13:29:55.066595,2015-10-09T13:29:55.066618,Warehouse manager,348
749,Robert,Davis,2003-03-20T13:29:55.066981,2020-08-25T13:29:55.067001,Emergency planning/management officer,176
750,Wayne,Fernandez,1995-11-20T13:29:55.067360,2021-06-26T13:29:55.067380,"Administrator, Civil Service",114
751,Alan,Shah,2002-05-18T13:29:55.067746,2021-07-21T13:29:55.067770,Illustrator,952
752,Jill,Hughes,1991-03-10T13:29:55.068140,2021-07-13T13:29:55.068161,Garment/textile technologist,942
753,Debra,Miller,2001-08-23T13:29:55.068519,2020-02-11T13:29:55.068539,Dealer,75
754,Eric,Davis,2000-01-26T13:29:55.068907,2019-06-29T13:29:55.068928,Heritage manager,176
755,Patricia,Williamson,1991-07-04T13:29:55.069297,2020-07-26T13:29:55.069317,Clinical biochemist,451
756,Jon,Eaton,1990-07-23T13:29:55.069680,2019-05-02T13:29:55.069699,"Librarian, academic",52
757,Diane,Wood,2002-09-16T13:29:55.070075,2014-11-07T13:29:55.070097,Gaffer,313
758,Annette,Galloway,1988-03-19T13:29:55.070485,2015-01-02T13:29:55.070508,Audiological scientist,720
759,Ashley,Davenport,1993-10-23T13:29:55.070877,2017-06-28T13:29:55.070897,Catering manager,435
760,Benjamin,Gardner,1997-02-24T13:29:55.071261,2022-03-22T13:29:55.071281,"Programmer, multimedia",960
761,David,Vasquez,1984-11-12T13:29:55.071647,2022-04-03T13:29:55.071669,Retail buyer,144
762,Renee,Smith,1988-06-28T13:29:55.072061,2022-03-02T13:29:55.072086,Curator,479
763,Todd,Mathews,1991-08-15T13:29:55.072471,2017-01-08T13:29:55.072493,"Designer, multimedia",86
764,Tina,Moran,1993-05-28T13:29:55.072858,2017-08-02T13:29:55.072883,Museum/gallery exhibitions officer,430
765,Terrance,Smith,1986-05-12T13:29:55.073253,2020-09-27T13:29:55.073281,Ranger/warden,730
766,Carmen,Bartlett,1995-03-07T13:29:55.073663,2016-06-10T13:29:55.073684,Press photographer,559
767,Jacob,Vance,1991-02-04T13:29:55.074041,2018-07-14T13:29:55.074060,Systems developer,135
768,Angela,Nichols,1990-12-25T13:29:55.074417,2021-10-07T13:29:55.074449,Colour technologist,239
769,Shannon,Contreras,1985-03-28T13:29:55.074811,2021-12-15T13:29:55.074830,Public relations officer,21
770,Jerry,Lucas,1990-03-15T13:29:55.075188,2017-08-23T13:29:55.075207,"Designer, industrial/product",251
771,Brian,Torres,1993-10-31T13:29:55.075576,2013-09-09T13:29:55.075597,"Engineer, biomedical",544
772,Brittany,Edwards,1997-05-15T13:29:55.075882,2019-06-10T13:29:55.075897,Market researcher,179
773,Scott,Peters,1988-07-02T13:29:55.076220,2016-08-10T13:29:55.076241,Insurance risk surveyor,606
774,Matthew,Graves,1999-08-20T13:29:55.076602,2014-10-08T13:29:55.076622,"Administrator, education",491
775,Shawn,Wright,1992-05-20T13:29:55.076987,2019-12-20T13:29:55.077009,"Production designer, theatre/television/film",314
776,John,Watkins,1992-07-31T13:29:55.077382,2019-08-09T13:29:55.077403,"Engineer, chemical",456
777,Richard,Wade,2001-02-09T13:29:55.077771,2020-03-19T13:29:55.077791,Insurance underwriter,830
778,Vernon,Taylor,1992-06-11T13:29:55.078148,2017-03-20T13:29:55.078168,Architectural technologist,368
779,Angela,Jones,1984-10-08T13:29:55.078703,2014-01-14T13:29:55.078728,Facilities manager,22
780,Mark,Lynch,1988-10-22T13:29:55.079161,2016-09-19T13:29:55.079187,"Scientist, product/process development",940
781,Andrea,Davis,1986-12-15T13:29:55.079559,2019-08-06T13:29:55.079584,Civil Service fast streamer,47
782,Hannah,Martin,1993-07-23T13:29:55.079979,2022-04-13T13:29:55.080002,Communications engineer,13
783,Courtney,Gregory,2002-08-10T13:29:55.080366,2021-03-17T13:29:55.080392,"Civil engineer, contracting",696
784,Steven,Hebert,1990-09-24T13:29:55.080773,2019-07-21T13:29:55.080798,Contractor,831
785,Christopher,Walsh,1995-03-31T13:29:55.081170,2015-11-23T13:29:55.081194,"Teacher, adult education",281
786,Shawna,Davis,1992-04-01T13:29:55.081557,2014-01-07T13:29:55.081581,Immunologist,46
787,Betty,Jones,1984-03-18T13:29:55.081957,2019-05-07T13:29:55.081980,Travel agency manager,73
788,John,Herring,2000-10-03T13:29:55.082492,2021-08-03T13:29:55.082511,Soil scientist,983
789,Shannon,Jones,1988-06-30T13:29:55.082753,2015-12-15T13:29:55.082767,"Engineer, electronics",509
790,Anthony,Roberts,1999-02-04T13:29:55.083013,2014-10-05T13:29:55.083027,Aeronautical engineer,141
791,Linda,Hamilton,2002-09-06T13:29:55.083247,2017-05-21T13:29:55.083259,Television floor manager,795
792,Rebecca,Johns,1991-12-07T13:29:55.083506,2018-05-10T13:29:55.083521,Secretary/administrator,9
793,James,Johnson,2002-01-07T13:29:55.083742,2021-04-01T13:29:55.083755,"Journalist, broadcasting",874
794,James,Silva,1996-09-25T13:29:55.083971,2017-04-06T13:29:55.083983,Actor,388
795,Stephen,Mooney,1997-12-13T13:29:55.084200,2013-09-18T13:29:55.084212,Haematologist,471
796,Edward,Hanson,1991-04-07T13:29:55.084425,2013-12-26T13:29:55.084437,"Conservation officer, historic buildings",938
797,Jeffrey,Dean,1997-07-22T13:29:55.084651,2013-08-05T13:29:55.084663,Museum education officer,433
798,Richard,Vang,1987-01-09T13:29:55.084888,2020-02-29T13:29:55.084900,Holiday representative,311
799,Stephanie,Huang,1986-12-05T13:29:55.085117,2013-04-26T13:29:55.085128,Osteopath,190
800,Heidi,Chandler,2001-08-25T13:29:55.085344,2020-12-23T13:29:55.085356,Social researcher,771
801,Christopher,Mitchell,1989-06-12T13:29:55.085572,2013-12-19T13:29:55.085584,Media buyer,922
802,Darlene,Randolph,1986-03-24T13:29:55.085805,2016-10-10T13:29:55.085818,Customer service manager,581
803,Paula,Kelly,1993-07-28T13:29:55.086033,2016-03-12T13:29:55.086044,Catering manager,281
804,Wendy,Newton,2002-05-02T13:29:55.086259,2019-03-16T13:29:55.086271,"Therapist, occupational",907
805,Christopher,Simpson,1987-08-01T13:29:55.086513,2020-04-03T13:29:55.086527,Office manager,463
806,Stephen,Powell,1998-04-07T13:29:55.086747,2020-10-11T13:29:55.086760,"Presenter, broadcasting",748
807,Michael,Cruz,1994-02-15T13:29:55.087032,2014-10-20T13:29:55.087048,Broadcast engineer,518
808,Evan,King,1984-01-27T13:29:55.087270,2014-05-19T13:29:55.087283,Adult nurse,369
809,Brian,Oconnor,2003-03-09T13:29:55.087501,2019-05-12T13:29:55.087514,Dance movement psychotherapist,688
810,Terri,Beck,1994-06-01T13:29:55.087729,2018-05-16T13:29:55.087741,Osteopath,208
811,Cassie,Thornton,1988-03-07T13:29:55.087962,2015-11-12T13:29:55.087975,Tree surgeon,246
812,Sharon,Morales,2000-09-23T13:29:55.088189,2020-01-30T13:29:55.088201,Aeronautical engineer,140
813,Carlos,Hamilton,2002-12-18T13:29:55.088417,2015-11-17T13:29:55.088428,Osteopath,576
814,Rodney,Evans,1989-07-13T13:29:55.088642,2014-07-11T13:29:55.088654,Financial risk analyst,110
815,Justin,Lewis,1999-06-05T13:29:55.088867,2015-11-21T13:29:55.088879,Energy manager,211
816,Mary,Wiley,1986-03-14T13:29:55.089091,2014-04-08T13:29:55.089102,Broadcast journalist,643
817,Andrew,Williams,1998-06-07T13:29:55.089337,2015-07-21T13:29:55.089350,Lexicographer,908
818,Leslie,West,1985-07-10T13:29:55.089576,2021-02-22T13:29:55.089590,Ergonomist,586
819,Katie,Anderson,1990-11-17T13:29:55.089807,2014-12-01T13:29:55.089819,"Research officer, political party",508
820,Matthew,Stewart,1984-01-06T13:29:55.090033,2021-03-22T13:29:55.090045,Archivist,562
821,Denise,Reyes,1993-06-20T13:29:55.090260,2021-09-15T13:29:55.090271,Pharmacologist,241
822,Jacob,Jones,2000-11-26T13:29:55.090646,2014-01-25T13:29:55.090665,Dancer,35
823,Theresa,Murray,2003-01-06T13:29:55.090891,2017-09-24T13:29:55.090904,Drilling engineer,411
824,Alexa,Johnson,2001-03-23T13:29:55.091129,2021-09-11T13:29:55.091142,"Embryologist, clinical",463
825,Shawn,Reyes,1985-09-30T13:29:55.091358,2019-05-28T13:29:55.091370,Quarry manager,507
826,Jacob,Wilson,1997-12-17T13:29:55.091583,2014-09-26T13:29:55.091595,Artist,53
827,Christopher,Hardy,1983-11-01T13:29:55.091836,2015-05-31T13:29:55.091851,Estate agent,892
828,Jason,Frost,1983-12-21T13:29:55.092072,2017-11-03T13:29:55.092084,Sports development officer,359
829,Michael,Stewart,1993-07-23T13:29:55.092509,2021-12-30T13:29:55.092525,"Buyer, retail",382
830,Jonathan,Paul,1994-08-04T13:29:55.092745,2014-10-20T13:29:55.092759,Structural engineer,409
831,Christopher,Boyle,1986-01-17T13:29:55.093016,2015-09-29T13:29:55.093033,Television production assistant,467
832,Justin,Blackwell,1996-11-24T13:29:55.093254,2016-09-13T13:29:55.093267,Nutritional therapist,638
833,Jennifer,Fowler,1987-10-17T13:29:55.093481,2014-12-20T13:29:55.093493,"Scientist, product/process development",948
834,Tracey,Pierce,1995-03-14T13:29:55.093708,2021-05-24T13:29:55.093720,Clinical cytogeneticist,137
835,Jennifer,Mcguire,1998-12-23T13:29:55.093935,2019-01-16T13:29:55.093947,Banker,217
836,Brittany,Wood,1990-10-22T13:29:55.094161,2016-11-30T13:29:55.094173,"Horticulturist, commercial",894
837,Jonathan,Johnson,1988-11-03T13:29:55.094394,2016-07-14T13:29:55.094406,"Engineer, control and instrumentation",716
838,Tammy,Spears,1998-11-19T13:29:55.094645,2022-01-27T13:29:55.094658,Commercial art gallery manager,253
839,Mark,Sanchez,1989-07-17T13:29:55.094872,2015-02-04T13:29:55.094883,Archaeologist,166
840,Abigail,Rogers,2001-12-16T13:29:55.095097,2022-04-01T13:29:55.095108,"Copywriter, advertising",581
841,Steven,Gamble,1985-06-16T13:29:55.095321,2018-11-02T13:29:55.095333,"Psychologist, clinical",971
842,Laura,Edwards,1983-07-28T13:29:55.095547,2013-07-10T13:29:55.095558,Osteopath,466
843,Rebecca,Flores,1984-09-19T13:29:55.095771,2021-06-22T13:29:55.095783,Forensic scientist,489
844,Ashley,Rivera,1994-01-06T13:29:55.095998,2020-04-23T13:29:55.096009,Careers adviser,232
845,Michele,Hoffman,1987-06-24T13:29:55.096221,2021-10-18T13:29:55.096233,Publishing copy,374
846,Brittany,Erickson,1991-02-13T13:29:55.096445,2019-12-16T13:29:55.096457,Publishing copy,936
847,Amy,Murphy,2001-03-28T13:29:55.096668,2016-02-27T13:29:55.096679,Housing manager/officer,849
848,Jennifer,Fleming,1993-05-02T13:29:55.096892,2014-12-19T13:29:55.096904,Chief Operating Officer,5
849,Jennifer,Thomas,2001-09-13T13:29:55.097116,2014-06-27T13:29:55.097128,"Production designer, theatre/television/film",18
850,Courtney,Jacobs,1997-07-23T13:29:55.097352,2013-10-28T13:29:55.097364,"Therapist, drama",474
851,Lucas,Harrington,1987-02-18T13:29:55.097579,2014-02-19T13:29:55.097591,Sport and exercise psychologist,122
852,Samantha,Stafford,1986-06-28T13:29:55.097809,2016-01-17T13:29:55.097821,Proofreader,91
853,Melissa,Davis,1993-05-08T13:29:55.098037,2014-11-18T13:29:55.098049,Sales promotion account executive,769
854,Richard,Torres,1991-03-18T13:29:55.098263,2020-11-08T13:29:55.098274,Warden/ranger,553
855,Amy,Jones,2003-02-13T13:29:55.098521,2017-01-11T13:29:55.098537,"Solicitor, Scotland",652
856,Charles,Graham,1991-01-01T13:29:55.098794,2013-12-28T13:29:55.098809,Regulatory affairs officer,986
857,Emily,Bolton,1999-04-28T13:29:55.099036,2015-05-18T13:29:55.099050,Graphic designer,615
858,Karen,Smith,1994-06-16T13:29:55.099267,2016-11-20T13:29:55.099279,"Psychotherapist, dance movement",911
859,Ruben,Nelson,1989-11-25T13:29:55.099493,2014-10-09T13:29:55.099505,Seismic interpreter,639
860,Sheila,Mcdonald,1995-06-18T13:29:55.099718,2016-04-09T13:29:55.099730,"Optician, dispensing",888
861,Lindsay,Hughes,1997-06-08T13:29:55.099946,2017-05-14T13:29:55.099972,Commercial/residential surveyor,61
862,Kyle,Buchanan,1989-09-05T13:29:55.100194,2015-06-26T13:29:55.100207,Ergonomist,963
863,Thomas,Cox,1986-04-22T13:29:55.100429,2015-09-19T13:29:55.100442,Tourist information centre manager,700
864,Diane,Hall,1989-11-03T13:29:55.100664,2021-07-01T13:29:55.100677,"Engineer, manufacturing systems",752
865,Michael,Maldonado,1984-06-26T13:29:55.100896,2013-06-05T13:29:55.100909,Public relations account executive,411
866,Sean,Moore,1994-10-05T13:29:55.101124,2021-05-21T13:29:55.101136,Energy manager,719
867,Ashley,Ortiz,1996-08-13T13:29:55.101352,2015-04-11T13:29:55.101363,Quantity surveyor,799
868,Eric,Andrews,1997-04-11T13:29:55.101579,2017-03-27T13:29:55.101590,Media buyer,863
869,Shawn,Benton,1985-01-25T13:29:55.101804,2021-12-26T13:29:55.101815,Water engineer,752
870,Chad,House,2002-02-04T13:29:55.102029,2016-04-27T13:29:55.102041,Magazine journalist,978
871,Mark,Wood,1984-07-18T13:29:55.102253,2013-07-05T13:29:55.102265,Chief of Staff,587
872,Joshua,Martin,1999-10-07T13:29:55.102494,2017-11-16T13:29:55.102508,"Therapist, speech and language",500
873,Sarah,Cooper,1995-11-28T13:29:55.102725,2015-03-01T13:29:55.102737,Media buyer,4
874,Charles,Schultz,1985-05-07T13:29:55.102953,2016-04-14T13:29:55.102965,"Therapist, music",71
875,Nicholas,Stewart,1990-01-07T13:29:55.103178,2014-12-21T13:29:55.103190,Commissioning editor,772
876,Adam,Moore,1993-12-09T13:29:55.103410,2013-09-28T13:29:55.103423,Copy,795
877,Laurie,Jones,1998-06-26T13:29:55.103644,2014-09-20T13:29:55.103657,Pharmacologist,2
878,Kimberly,Carlson,1997-11-07T13:29:55.103870,2015-06-24T13:29:55.103882,"Pharmacist, hospital",731
879,Sean,Marsh,1985-09-04T13:29:55.104095,2021-07-14T13:29:55.104107,Manufacturing engineer,399
880,William,Gonzalez,2001-12-01T13:29:55.104324,2016-09-20T13:29:55.104336,Corporate treasurer,161
881,Connie,Graves,2002-01-13T13:29:55.104556,2016-12-03T13:29:55.104568,Prison officer,923
882,Allison,Li,1994-06-03T13:29:55.104784,2019-05-30T13:29:55.104796,"Engineer, land",102
883,Robin,Salinas,1986-01-28T13:29:55.105013,2019-07-06T13:29:55.105024,Trade mark attorney,120
884,Jeffrey,Johnson,1991-12-25T13:29:55.105238,2019-06-21T13:29:55.105250,Artist,22
885,Jeffery,Gilbert,1988-06-05T13:29:55.105463,2016-01-01T13:29:55.105475,Charity fundraiser,233
886,Linda,Mcclain,1991-12-02T13:29:55.105689,2015-03-09T13:29:55.105700,Field trials officer,753
887,Lisa,Johnson,1988-08-31T13:29:55.105914,2018-11-13T13:29:55.105926,Research scientist (physical sciences),327
888,Andrew,Morales,1989-05-13T13:29:55.106138,2015-03-30T13:29:55.106149,Probation officer,926
889,Eric,Castillo,1999-07-31T13:29:55.106366,2013-12-04T13:29:55.106379,Systems analyst,41
890,Jessica,Mendez,1989-01-03T13:29:55.106611,2016-10-05T13:29:55.106624,Records manager,898
891,Stephanie,Chase,1984-03-04T13:29:55.106839,2020-02-19T13:29:55.106851,Pathologist,965
892,Eric,Morales,1990-11-28T13:29:55.107077,2016-09-16T13:29:55.107090,Market researcher,424
893,Joshua,Santana,1997-04-28T13:29:55.107305,2014-02-11T13:29:55.107317,Oceanographer,379
894,Douglas,Washington,2000-02-13T13:29:55.107530,2013-07-13T13:29:55.107542,Commercial/residential surveyor,604
895,Suzanne,Mata,1988-11-11T13:29:55.107756,2017-06-13T13:29:55.107768,Horticultural therapist,637
896,Stacy,Weaver,1997-06-17T13:29:55.107982,2021-08-25T13:29:55.107994,Professor Emeritus,43
897,Samantha,Mcguire,1984-05-20T13:29:55.108207,2015-08-21T13:29:55.108220,Field seismologist,600
898,Levi,Thompson,1995-10-02T13:29:55.108433,2017-01-11T13:29:55.108444,Therapeutic radiographer,167
899,Randy,Larsen,1999-10-04T13:29:55.108661,2020-12-30T13:29:55.108673,Higher education careers adviser,334
900,Carlos,Diaz,1987-09-20T13:29:55.108886,2022-04-08T13:29:55.108898,Jewellery designer,771
901,Richard,Moore,1990-03-18T13:29:55.109113,2019-10-28T13:29:55.109125,Chartered legal executive (England and Wales),57
902,Richard,Wilson,1990-12-07T13:29:55.109348,2017-11-21T13:29:55.109360,"Surveyor, mining",186
903,Brandon,White,1997-03-10T13:29:55.109578,2017-09-02T13:29:55.109589,Chartered management accountant,771
904,Tracy,Martinez,2002-02-14T13:29:55.109803,2018-01-01T13:29:55.109815,"Engineer, production",972
905,Courtney,Gross,1991-06-01T13:29:55.110030,2019-12-31T13:29:55.110041,"Pharmacist, hospital",382
906,Jeremy,Barr,1998-06-10T13:29:55.110256,2016-10-16T13:29:55.110267,Forensic scientist,168
907,Bailey,Meadows,1988-01-30T13:29:55.110494,2017-05-03T13:29:55.110508,Database administrator,535
908,Darryl,Galvan,1987-07-05T13:29:55.110725,2019-09-02T13:29:55.110737,Soil scientist,396
909,Nancy,Wilson,1984-11-21T13:29:55.110950,2021-10-09T13:29:55.110962,Special effects artist,894
910,Jessica,Thompson,1995-05-26T13:29:55.111176,2019-10-23T13:29:55.111188,Arboriculturist,82
911,Benjamin,Simmons,1992-02-25T13:29:55.111401,2013-04-23T13:29:55.111414,Hydrologist,109
912,Madeline,Miller,1995-04-14T13:29:55.111630,2019-12-23T13:29:55.111642,Computer games developer,645
913,Emily,Ryan,1993-12-10T13:29:55.111932,2022-01-24T13:29:55.111951,"Administrator, sports",748
914,Renee,Deleon,1984-06-16T13:29:55.112219,2017-12-25T13:29:55.112242,Leisure centre manager,848
915,Maureen,Duncan,2002-07-06T13:29:55.112521,2019-01-17T13:29:55.112537,"Administrator, arts",71
916,Dennis,Mccormick,1985-02-04T13:29:55.112760,2020-11-19T13:29:55.112772,"Production designer, theatre/television/film",451
917,Devin,Cooper,1985-10-26T13:29:55.112998,2016-08-06T13:29:55.113010,"Education officer, community",221
918,Hector,Lee,1990-08-21T13:29:55.113256,2015-08-23T13:29:55.113287,Medical technical officer,403
919,Timothy,Clark,1984-04-10T13:29:55.113583,2020-07-03T13:29:55.113606,"Runner, broadcasting/film/video",581
920,Andrew,Wagner,1987-05-19T13:29:55.113863,2018-08-19T13:29:55.113878,Geophysical data processor,833
921,James,Richards,1986-02-25T13:29:55.114097,2013-09-23T13:29:55.114110,"Horticulturist, commercial",795
922,Lindsey,Gilbert,1985-09-29T13:29:55.114329,2014-10-18T13:29:55.114341,"Designer, furniture",45
923,Jonathan,White,1995-04-23T13:29:55.114589,2021-04-29T13:29:55.114603,Medical laboratory scientific officer,118
924,Anthony,Cabrera,1999-08-11T13:29:55.114820,2016-11-01T13:29:55.114832,"Designer, jewellery",495
925,Lisa,Greer,2000-03-22T13:29:55.115047,2013-11-26T13:29:55.115058,Chief Strategy Officer,471
926,Evan,Martin,1999-05-24T13:29:55.115273,2021-12-03T13:29:55.115285,General practice doctor,526
927,Valerie,Foster,1984-06-14T13:29:55.115506,2016-12-23T13:29:55.115519,Aeronautical engineer,543
928,Jenna,Mitchell,2002-05-16T13:29:55.115743,2021-08-17T13:29:55.115755,Chartered loss adjuster,209
929,Ryan,Baker,1992-11-18T13:29:55.115974,2019-09-19T13:29:55.115985,Trading standards officer,798
930,Ruben,Ward,1999-12-09T13:29:55.116198,2015-02-13T13:29:55.116210,Legal secretary,505
931,Kevin,Hamilton,1995-09-25T13:29:55.116428,2021-10-05T13:29:55.116440,Learning disability nurse,313
932,Caroline,Lamb,1995-04-23T13:29:55.116655,2019-12-25T13:29:55.116666,Immigration officer,270
933,Makayla,Black,1983-07-18T13:29:55.116880,2013-10-04T13:29:55.116892,"Engineer, chemical",857
934,Alexa,Williams,1995-07-15T13:29:55.117105,2015-06-06T13:29:55.117116,"Therapist, speech and language",558
935,Fred,Barnes,1988-09-16T13:29:55.117329,2014-01-09T13:29:55.117341,Merchant navy officer,749
936,Joanna,Smith,1994-04-13T13:29:55.117556,2013-07-13T13:29:55.117567,Insurance claims handler,892
937,Megan,Estrada,1994-02-17T13:29:55.117780,2022-04-10T13:29:55.117792,Exhibition designer,264
938,Stephanie,Rodriguez,1985-03-05T13:29:55.118004,2014-06-11T13:29:55.118016,"Therapist, horticultural",666
939,Patricia,Campos,1992-08-04T13:29:55.118228,2015-06-27T13:29:55.118239,Community development worker,373
940,Kathryn,Day,2000-05-01T13:29:55.118468,2020-01-28T13:29:55.118483,Archaeologist,887
941,John,Farmer,1995-08-05T13:29:55.118705,2021-09-06T13:29:55.118717,Dance movement psychotherapist,343
942,Sara,Kelly,1988-05-22T13:29:55.118933,2020-04-22T13:29:55.118945,"Nurse, learning disability",928
943,John,Collins,2000-04-26T13:29:55.119160,2015-12-19T13:29:55.119172,Chief Financial Officer,309
944,Scott,Smith,1999-02-08T13:29:55.119391,2019-12-01T13:29:55.119404,Land/geomatics surveyor,236
945,Melissa,Evans,1989-10-26T13:29:55.119622,2016-08-08T13:29:55.119633,Science writer,93
946,Christine,Mills,1984-01-20T13:29:55.119911,2015-09-12T13:29:55.119929,Medical technical officer,175
947,Eric,Hunter,1987-09-07T13:29:55.120423,2013-12-28T13:29:55.120440,Health physicist,566
948,Charles,Lam,1995-05-22T13:29:55.120729,2020-04-16T13:29:55.120744,Archaeologist,164
949,Harry,Lee,1986-10-02T13:29:55.121070,2019-11-14T13:29:55.121096,"Producer, radio",284
950,Richard,Hayes,1997-01-15T13:29:55.121343,2014-01-28T13:29:55.121356,IT consultant,382
951,Travis,Medina,1989-01-24T13:29:55.121573,2016-08-16T13:29:55.121586,"Research officer, trade union",445
952,Michael,Simpson,1985-11-05T13:29:55.121811,2019-12-19T13:29:55.121824,Dance movement psychotherapist,730
953,Lisa,Hall,1988-01-09T13:29:55.122040,2013-11-29T13:29:55.122052,Geophysical data processor,295
954,David,Schaefer,1989-12-22T13:29:55.122273,2022-01-12T13:29:55.122285,Technical sales engineer,395
955,Dana,Berry,1998-11-29T13:29:55.122518,2018-11-18T13:29:55.122532,Comptroller,91
956,Emily,Choi,1993-12-22T13:29:55.122750,2020-02-06T13:29:55.122761,"Chemist, analytical",625
957,Isaac,Brown,2000-04-29T13:29:55.122975,2016-10-20T13:29:55.122987,"Scientist, marine",717
958,Meagan,Johnson,1993-06-08T13:29:55.123203,2019-02-01T13:29:55.123215,Manufacturing systems engineer,791
959,Steven,Hart,1993-01-31T13:29:55.123429,2017-11-12T13:29:55.123441,Glass blower/designer,191
960,Suzanne,Adkins,1989-05-08T13:29:55.123655,2018-11-06T13:29:55.123666,"Social research officer, government",666
961,Michelle,Sullivan,1997-04-25T13:29:55.123880,2017-02-17T13:29:55.123891,Contractor,19
962,Elizabeth,Owens,1986-01-18T13:29:55.124105,2021-10-09T13:29:55.124116,Artist,112
963,Felicia,Johnson,1997-12-05T13:29:55.124330,2021-08-15T13:29:55.124341,Retail manager,321
964,David,Allen,1993-06-02T13:29:55.124556,2013-04-22T13:29:55.124568,Web designer,971
965,Ernest,Grant,1987-08-14T13:29:55.124781,2015-07-09T13:29:55.124793,Private music teacher,264
966,Kelly,Graham,1985-04-16T13:29:55.125006,2020-04-20T13:29:55.125017,Personal assistant,482
967,Wesley,Hunt,1992-02-23T13:29:55.125239,2020-08-15T13:29:55.125252,Exhibition designer,685
968,Nicole,Johnson,1986-03-04T13:29:55.125468,2013-06-06T13:29:55.125480,Careers adviser,118
969,Daniel,Williams,2003-04-03T13:29:55.125694,2017-09-30T13:29:55.125705,Tourist information centre manager,635
970,Maria,Park,1983-12-20T13:29:55.125920,2017-05-06T13:29:55.125931,Chartered public finance accountant,329
971,Scott,Hicks,1995-03-17T13:29:55.126144,2015-04-22T13:29:55.126155,Newspaper journalist,986
972,Angela,Moon,1986-02-01T13:29:55.126367,2013-05-30T13:29:55.126378,Chiropractor,117
973,Johnny,Reyes,2001-01-21T13:29:55.126610,2013-07-18T13:29:55.126622,Patent attorney,626
974,Amanda,Harrison,1993-04-10T13:29:55.126837,2018-01-21T13:29:55.126849,"Psychologist, educational",415
975,Wesley,King,1986-09-28T13:29:55.127061,2022-03-26T13:29:55.127072,Counsellor,219
976,Karen,Rodriguez,1986-03-08T13:29:55.127322,2015-05-30T13:29:55.127344,Petroleum engineer,902
977,Samuel,Griffin,1984-01-17T13:29:55.127631,2017-12-23T13:29:55.127648,"Engineer, site",516
978,Lisa,Smith,1994-06-17T13:29:55.127967,2018-07-05T13:29:55.127995,Publishing copy,31
979,Hannah,Pierce,2000-01-26T13:29:55.128309,2015-05-05T13:29:55.128326,"Scientist, research (physical sciences)",510
980,Michele,Taylor,1989-03-05T13:29:55.128557,2014-06-20T13:29:55.128571,"Designer, jewellery",707
981,David,Wells,1998-03-24T13:29:55.128791,2013-09-06T13:29:55.128803,Arts development officer,159
982,Maria,Larson,1995-01-14T13:29:55.129088,2020-06-27T13:29:55.129106,Fisheries officer,21
983,Gary,Lee,1984-10-04T13:29:55.129917,2020-10-03T13:29:55.129947,Dance movement psychotherapist,418
984,Levi,Reyes,1997-12-21T13:29:55.130526,2021-10-08T13:29:55.130541,Paramedic,948
985,John,Herrera,1984-09-22T13:29:55.130764,2019-03-29T13:29:55.130777,Gaffer,506
986,Paula,Vazquez,1993-12-08T13:29:55.130995,2014-07-24T13:29:55.131007,Glass blower/designer,644
987,Gene,Taylor,2002-03-14T13:29:55.131223,2020-05-02T13:29:55.131235,Airline pilot,783
988,Mary,Parker,2001-04-15T13:29:55.131450,2015-03-02T13:29:55.131463,Museum/gallery exhibitions officer,203
989,Jeanette,Davila,1992-02-07T13:29:55.131679,2019-05-13T13:29:55.131691,Consulting civil engineer,182
990,David,Guzman,2001-02-28T13:29:55.131906,2020-12-08T13:29:55.131918,IT technical support officer,530
991,Christopher,Rodriguez,1983-04-28T13:29:55.132134,2020-07-20T13:29:55.132146,Legal executive,164
992,Taylor,Nichols,1998-02-18T13:29:55.132362,2015-03-27T13:29:55.132374,Energy engineer,167
993,Eric,Jordan,1996-01-09T13:29:55.132596,2020-11-22T13:29:55.132609,Software engineer,970
994,Robert,Summers,1997-12-05T13:29:55.132824,2015-04-12T13:29:55.132836,Media buyer,137
995,Jonathan,Perez,1985-12-08T13:29:55.133049,2019-09-20T13:29:55.133061,"Editor, magazine features",943
996,Frank,Wong,1991-04-07T13:29:55.133275,2013-08-25T13:29:55.133286,"Scientist, research (medical)",771
997,Charlene,Riggs,1996-05-20T13:29:55.133502,2019-05-30T13:29:55.133514,Furniture conservator/restorer,30
998,Jason,Martinez,1991-04-15T13:29:55.133730,2019-11-17T13:29:55.133742,Proofreader,270
999,Christina,Harris,1990-03-23T13:29:55.133955,2016-01-21T13:29:55.133967,"Designer, fashion/clothing",519
1000,Lori,Hernandez,1995-12-04T13:29:55.134203,2021-03-04T13:29:55.134235,"Engineer, communications",501
