transaction_id,employee_id,salary,from_date,to_date
1,433,74092,2019-07-22T13:29:56.784001,2020-05-19T13:29:56.784001
2,857,38237,2019-12-14T13:29:56.784051,2020-01-11T13:29:56.784051
3,43,31070,2022-07-24T13:29:56.784074,2023-01-18T13:29:56.784074
4,395,75787,2020-02-18T13:29:56.784095,2020-03-19T13:29:56.784095
5,94,115994,2022-12-26T13:29:56.784115,2023-07-07T13:29:56.784115
6,728,87107,2022-08-02T13:29:56.784134,2022-09-28T13:29:56.784134
7,233,31131,2021-07-29T13:29:56.784153,2021-08-16T13:29:56.784153
8,317,48193,2019-07-13T13:29:56.784172,2019-09-05T13:29:56.784172
9,86,34034,2019-08-29T13:29:56.784190,2019-12-27T13:29:56.784190
10,463,22790,2021-03-09T13:29:56.784210,2021-11-20T13:29:56.784210
11,452,57016,2020-06-25T13:29:56.784240,2020-08-14T13:29:56.784240
12,954,82618,2021-09-05T13:29:56.784287,2022-08-26T13:29:56.784287
13,158,45149,2023-01-19T13:29:56.784324,2024-01-11T13:29:56.784324
14,121,100645,2019-06-05T13:29:56.784344,2020-02-22T13:29:56.784344
15,990,78083,2022-05-24T13:29:56.784364,2022-10-05T13:29:56.784364
16,616,115606,2019-05-02T13:29:56.784383,2020-02-03T13:29:56.784383
17,433,92419,2021-07-24T13:29:56.784403,2021-12-24T13:29:56.784403
18,657,115500,2022-02-23T13:29:56.784422,2022-03-14T13:29:56.784422
19,493,115990,2020-12-25T13:29:56.784442,2021-11-30T13:29:56.784442
20,442,30962,2021-02-07T13:29:56.784462,2021-06-15T13:29:56.784462
21,931,126538,2020-11-26T13:29:56.784482,2021-03-23T13:29:56.784482
22,865,98993,2022-10-31T13:29:56.784502,2022-11-30T13:29:56.784502
23,45,95678,2022-10-02T13:29:56.784521,2023-02-20T13:29:56.784521
24,50,61960,2022-04-23T13:29:56.784544,2022-04-26T13:29:56.784544
25,536,50075,2023-01-31T13:29:56.784602,2023-07-25T13:29:56.784602
26,104,125271,2021-02-28T13:29:56.784632,2021-06-15T13:29:56.784632
27,802,102473,2021-12-07T13:29:56.784653,2022-03-30T13:29:56.784653
28,59,45635,2020-07-17T13:29:56.784673,2020-07-21T13:29:56.784673
29,82,89759,2019-04-26T13:29:56.784693,2019-12-21T13:29:56.784693
30,118,92959,2020-06-16T13:29:56.784713,2020-11-06T13:29:56.784713
31,33,69261,2020-04-01T13:29:56.784732,2021-02-02T13:29:56.784732
32,135,117829,2022-08-24T13:29:56.784751,2022-09-19T13:29:56.784751
33,902,85634,2022-04-17T13:29:56.784770,2022-10-25T13:29:56.784770
34,326,54803,2019-10-30T13:29:56.784789,2020-05-10T13:29:56.784789
35,784,113015,2021-12-13T13:29:56.784808,2022-03-01T13:29:56.784808
36,694,24310,2022-02-02T13:29:56.784827,2022-12-16T13:29:56.784827
37,328,87719,2020-11-24T13:29:56.784846,2021-11-15T13:29:56.784846
38,985,23685,2021-04-14T13:29:56.784865,2021-10-08T13:29:56.784865
39,161,103267,2021-09-18T13:29:56.784885,2022-04-06T13:29:56.784885
40,812,118035,2022-01-20T13:29:56.784905,2022-02-20T13:29:56.784905
41,267,123408,2019-12-10T13:29:56.784925,2020-05-23T13:29:56.784925
42,586,71052,2021-12-31T13:29:56.784944,2022-07-22T13:29:56.784944
43,884,126764,2022-11-23T13:29:56.784963,2023-11-07T13:29:56.784963
44,445,92822,2022-02-10T13:29:56.784982,2022-10-23T13:29:56.784982
45,789,120286,2022-01-21T13:29:56.785001,2022-08-02T13:29:56.785001
46,474,101393,2023-01-13T13:29:56.785020,2023-10-20T13:29:56.785020
47,63,125556,2020-12-06T13:29:56.785039,2021-07-01T13:29:56.785039
48,160,76074,2021-08-26T13:29:56.785058,2022-07-15T13:29:56.785058
49,963,97037,2022-12-10T13:29:56.785078,2023-07-11T13:29:56.785078
50,557,75958,2020-01-14T13:29:56.785096,2020-04-10T13:29:56.785096
51,409,87298,2019-06-22T13:29:56.785115,2020-04-20T13:29:56.785115
52,181,48633,2019-06-22T13:29:56.785134,2020-01-27T13:29:56.785134
53,116,47075,2019-06-18T13:29:56.785153,2020-06-06T13:29:56.785153
54,318,72914,2021-02-21T13:29:56.785172,2022-01-11T13:29:56.785172
55,194,20523,2020-06-21T13:29:56.785191,2020-09-10T13:29:56.785191
56,569,60958,2021-12-08T13:29:56.785210,2022-02-07T13:29:56.785210
57,448,105922,2022-01-13T13:29:56.785229,2022-10-13T13:29:56.785229
58,528,39203,2019-08-12T13:29:56.785248,2019-11-08T13:29:56.785248
59,886,22484,2022-11-16T13:29:56.785266,2023-04-24T13:29:56.785266
60,755,90767,2020-12-14T13:29:56.785285,2021-04-19T13:29:56.785285
61,575,94671,2022-02-23T13:29:56.785304,2022-04-02T13:29:56.785304
62,290,64093,2019-08-14T13:29:56.785323,2020-03-25T13:29:56.785323
63,471,56866,2019-09-04T13:29:56.785342,2020-03-27T13:29:56.785342
64,428,51114,2019-11-02T13:29:56.785360,2020-03-22T13:29:56.785360
65,182,86899,2020-08-13T13:29:56.785380,2021-02-22T13:29:56.785380
66,982,84830,2020-06-08T13:29:56.785399,2021-05-25T13:29:56.785399
67,907,59120,2022-08-04T13:29:56.785418,2022-10-07T13:29:56.785418
68,258,76599,2021-08-30T13:29:56.785437,2021-12-18T13:29:56.785437
69,837,92098,2022-03-13T13:29:56.785456,2022-03-29T13:29:56.785456
70,94,107033,2022-10-04T13:29:56.785475,2023-03-09T13:29:56.785475
71,340,99567,2019-07-17T13:29:56.785493,2019-10-01T13:29:56.785493
72,200,81200,2019-12-19T13:29:56.785512,2020-06-26T13:29:56.785512
73,513,45541,2020-06-04T13:29:56.785531,2020-11-02T13:29:56.785531
74,290,80707,2021-03-03T13:29:56.785551,2022-02-21T13:29:56.785551
75,254,31186,2023-01-04T13:29:56.785570,2023-07-02T13:29:56.785570
76,554,88757,2023-01-06T13:29:56.785589,2023-11-12T13:29:56.785589
77,561,42495,2020-12-27T13:29:56.785607,2021-07-16T13:29:56.785607
78,319,39236,2019-06-17T13:29:56.785628,2019-12-10T13:29:56.785628
79,358,81370,2022-10-13T13:29:56.785647,2023-08-16T13:29:56.785647
80,504,89350,2022-12-04T13:29:56.785666,2023-05-09T13:29:56.785666
81,681,21031,2021-04-11T13:29:56.785684,2022-03-06T13:29:56.785684
82,383,36956,2019-04-18T13:29:56.785703,2020-02-17T13:29:56.785703
83,195,63342,2020-07-12T13:29:56.785722,2020-11-25T13:29:56.785722
84,840,22824,2019-05-22T13:29:56.785741,2019-09-26T13:29:56.785741
85,239,114882,2019-12-13T13:29:56.785760,2020-01-31T13:29:56.785760
86,689,88129,2019-12-24T13:29:56.785779,2020-07-30T13:29:56.785779
87,163,95261,2021-03-30T13:29:56.785797,2021-07-04T13:29:56.785797
88,750,88614,2022-01-05T13:29:56.785816,2022-07-12T13:29:56.785816
89,311,42321,2022-09-22T13:29:56.785837,2023-02-18T13:29:56.785837
90,334,76780,2022-03-29T13:29:56.785856,2022-11-11T13:29:56.785856
91,220,71518,2021-05-19T13:29:56.785874,2021-10-06T13:29:56.785874
92,539,111369,2022-03-03T13:29:56.785893,2022-12-20T13:29:56.785893
93,460,24228,2019-08-13T13:29:56.785912,2020-03-17T13:29:56.785912
94,457,106708,2021-03-24T13:29:56.785934,2021-05-09T13:29:56.785934
95,948,99117,2020-10-22T13:29:56.785956,2021-01-29T13:29:56.785956
96,448,46706,2020-08-27T13:29:56.785976,2021-05-26T13:29:56.785976
97,312,24934,2020-03-19T13:29:56.785995,2020-10-02T13:29:56.785995
98,48,82053,2019-08-17T13:29:56.786015,2020-03-29T13:29:56.786015
99,365,105005,2021-01-30T13:29:56.786035,2021-05-30T13:29:56.786035
100,497,105393,2022-05-19T13:29:56.786055,2023-01-04T13:29:56.786055
101,47,53788,2019-09-20T13:29:56.786075,2019-12-18T13:29:56.786075
102,400,97266,2021-04-17T13:29:56.786094,2022-01-16T13:29:56.786094
103,760,79725,2020-06-21T13:29:56.786113,2021-02-11T13:29:56.786113
104,593,48684,2019-09-10T13:29:56.786131,2020-02-19T13:29:56.786131
105,341,59734,2019-10-28T13:29:56.786151,2020-06-06T13:29:56.786151
106,914,109677,2019-05-28T13:29:56.786169,2020-03-04T13:29:56.786169
107,721,44883,2022-02-27T13:29:56.786188,2022-12-23T13:29:56.786188
108,643,76658,2020-05-15T13:29:56.786207,2021-03-08T13:29:56.786207
109,308,115988,2019-09-19T13:29:56.786227,2019-11-25T13:29:56.786227
110,292,112246,2021-12-11T13:29:56.786247,2022-11-19T13:29:56.786247
111,964,59145,2022-09-23T13:29:56.786266,2023-01-01T13:29:56.786266
112,185,77421,2020-03-29T13:29:56.786287,2020-04-13T13:29:56.786287
113,661,118277,2021-05-11T13:29:56.786307,2022-03-12T13:29:56.786307
114,202,31821,2019-09-16T13:29:56.786326,2019-12-22T13:29:56.786326
115,473,89708,2020-01-25T13:29:56.786345,2021-01-08T13:29:56.786345
116,985,66572,2022-02-14T13:29:56.786365,2022-11-08T13:29:56.786365
117,291,23454,2020-01-08T13:29:56.786385,2020-06-12T13:29:56.786385
118,800,25704,2022-03-08T13:29:56.786404,2022-10-07T13:29:56.786404
119,629,61239,2019-04-23T13:29:56.786422,2019-10-16T13:29:56.786422
120,254,69000,2021-05-27T13:29:56.786466,2021-08-15T13:29:56.786466
121,194,98338,2019-06-22T13:29:56.786486,2020-01-09T13:29:56.786486
122,117,44051,2021-01-24T13:29:56.786506,2021-05-16T13:29:56.786506
123,332,127866,2022-04-07T13:29:56.786525,2022-07-07T13:29:56.786525
124,778,39242,2019-10-13T13:29:56.786544,2020-01-09T13:29:56.786544
125,781,24710,2022-11-03T13:29:56.786564,2023-01-26T13:29:56.786564
126,904,109996,2020-05-19T13:29:56.786583,2021-01-09T13:29:56.786583
127,446,45939,2020-01-03T13:29:56.786603,2020-05-24T13:29:56.786603
128,420,21637,2020-04-12T13:29:56.786625,2020-11-13T13:29:56.786625
129,573,20201,2021-04-19T13:29:56.786646,2022-01-04T13:29:56.786646
130,721,57772,2019-12-19T13:29:56.786667,2020-09-26T13:29:56.786667
131,590,97456,2022-12-03T13:29:56.786686,2023-11-17T13:29:56.786686
132,61,104473,2020-03-29T13:29:56.786707,2021-03-11T13:29:56.786707
133,491,111032,2022-12-09T13:29:56.786726,2022-12-13T13:29:56.786726
134,673,24184,2022-12-03T13:29:56.786745,2023-02-21T13:29:56.786745
135,410,121838,2019-08-02T13:29:56.786765,2019-10-23T13:29:56.786765
136,197,62433,2021-07-31T13:29:56.786784,2021-08-13T13:29:56.786784
137,255,45142,2022-02-08T13:29:56.786803,2023-01-14T13:29:56.786803
138,648,57146,2019-08-19T13:29:56.786822,2020-03-04T13:29:56.786822
139,629,58631,2019-07-06T13:29:56.786841,2020-03-24T13:29:56.786841
140,437,112927,2021-04-21T13:29:56.786860,2022-03-28T13:29:56.786860
141,734,91453,2020-04-13T13:29:56.786879,2020-11-05T13:29:56.786879
142,374,64396,2019-08-01T13:29:56.786898,2019-08-28T13:29:56.786898
143,156,117659,2019-06-28T13:29:56.786917,2020-05-01T13:29:56.786917
144,206,53726,2023-01-24T13:29:56.786937,2023-06-29T13:29:56.786937
145,827,105974,2023-02-10T13:29:56.786955,2023-03-20T13:29:56.786955
146,992,123773,2020-02-19T13:29:56.786974,2020-02-23T13:29:56.786974
147,820,34651,2020-07-20T13:29:56.786993,2020-12-21T13:29:56.786993
148,688,42867,2019-09-09T13:29:56.787013,2020-07-13T13:29:56.787013
149,717,92625,2021-10-01T13:29:56.787032,2022-04-11T13:29:56.787032
150,234,108437,2021-12-20T13:29:56.787052,2022-07-08T13:29:56.787052
151,939,69263,2019-04-29T13:29:56.787071,2019-11-25T13:29:56.787071
152,21,51810,2020-01-06T13:29:56.787090,2020-09-27T13:29:56.787090
153,318,22951,2019-12-22T13:29:56.787109,2019-12-22T13:29:56.787109
154,207,86450,2022-11-25T13:29:56.787129,2023-07-21T13:29:56.787129
155,317,62751,2021-06-02T13:29:56.787149,2022-01-04T13:29:56.787149
156,484,80541,2022-11-02T13:29:56.787202,2023-01-19T13:29:56.787202
157,570,109280,2021-03-22T13:29:56.787251,2021-04-26T13:29:56.787251
158,316,27013,2021-02-21T13:29:56.787274,2022-02-13T13:29:56.787274
159,124,28097,2021-06-29T13:29:56.787294,2021-12-18T13:29:56.787294
160,942,70998,2023-01-10T13:29:56.787313,2023-01-27T13:29:56.787313
161,894,55556,2019-10-06T13:29:56.787335,2020-04-10T13:29:56.787335
162,589,71855,2021-11-28T13:29:56.787355,2022-06-04T13:29:56.787355
163,419,85665,2022-06-14T13:29:56.787374,2022-07-15T13:29:56.787374
164,58,104865,2019-10-07T13:29:56.787394,2020-05-07T13:29:56.787394
165,669,29979,2021-10-01T13:29:56.787413,2021-11-09T13:29:56.787413
166,642,115805,2019-05-19T13:29:56.787433,2020-04-27T13:29:56.787433
167,517,117261,2021-08-10T13:29:56.787452,2021-08-27T13:29:56.787452
168,796,51784,2019-08-19T13:29:56.787471,2019-09-22T13:29:56.787471
169,286,92675,2021-07-25T13:29:56.787490,2022-03-08T13:29:56.787490
170,411,125541,2021-12-24T13:29:56.787510,2022-05-24T13:29:56.787510
171,805,44790,2021-05-03T13:29:56.787530,2021-10-22T13:29:56.787530
172,206,35097,2021-09-18T13:29:56.787549,2022-04-27T13:29:56.787549
173,903,115453,2019-12-09T13:29:56.787568,2020-01-27T13:29:56.787568
174,955,118073,2020-06-14T13:29:56.787588,2021-02-15T13:29:56.787588
175,827,68439,2021-05-26T13:29:56.787608,2022-01-25T13:29:56.787608
176,807,103153,2020-01-02T13:29:56.787627,2020-07-07T13:29:56.787627
177,811,110321,2019-07-05T13:29:56.787646,2020-02-22T13:29:56.787646
178,658,33643,2020-07-19T13:29:56.787665,2020-07-28T13:29:56.787665
179,234,89952,2020-05-29T13:29:56.787684,2021-03-23T13:29:56.787684
180,785,66906,2021-10-29T13:29:56.787705,2022-10-16T13:29:56.787705
181,42,106205,2019-12-24T13:29:56.787724,2020-07-01T13:29:56.787724
182,152,23517,2020-08-02T13:29:56.787743,2020-08-02T13:29:56.787743
183,348,39200,2019-05-23T13:29:56.787763,2019-12-29T13:29:56.787763
184,941,28269,2021-09-20T13:29:56.787782,2022-07-07T13:29:56.787782
185,962,84243,2019-06-21T13:29:56.787800,2019-08-04T13:29:56.787800
186,612,74332,2022-10-26T13:29:56.787819,2023-04-18T13:29:56.787819
187,239,40101,2023-02-09T13:29:56.787838,2023-10-02T13:29:56.787838
188,160,117529,2020-01-09T13:29:56.787858,2020-04-18T13:29:56.787858
189,849,69587,2022-11-30T13:29:56.787877,2023-04-09T13:29:56.787877
190,979,101601,2021-01-05T13:29:56.787896,2021-07-23T13:29:56.787896
191,409,74875,2022-02-26T13:29:56.787916,2023-01-13T13:29:56.787916
192,363,85305,2022-03-07T13:29:56.787936,2023-01-06T13:29:56.787936
193,842,103654,2019-04-28T13:29:56.787955,2020-02-13T13:29:56.787955
194,456,48024,2019-05-23T13:29:56.787974,2019-06-25T13:29:56.787974
195,543,65121,2020-11-17T13:29:56.787994,2021-02-11T13:29:56.787994
196,554,68630,2022-04-29T13:29:56.788013,2022-10-20T13:29:56.788013
197,977,42451,2019-10-09T13:29:56.788032,2019-11-22T13:29:56.788032
198,471,24660,2020-05-23T13:29:56.788052,2020-10-26T13:29:56.788052
199,22,109930,2022-03-30T13:29:56.788071,2022-04-18T13:29:56.788071
200,985,124979,2021-03-29T13:29:56.788090,2022-02-16T13:29:56.788090
201,79,52533,2019-11-09T13:29:56.788109,2020-08-29T13:29:56.788109
202,758,34121,2022-07-18T13:29:56.788128,2022-08-02T13:29:56.788128
203,486,109035,2019-06-09T13:29:56.788147,2019-07-16T13:29:56.788147
204,947,129440,2022-04-18T13:29:56.788166,2022-11-02T13:29:56.788166
205,788,121784,2020-01-27T13:29:56.788185,2020-02-21T13:29:56.788185
206,608,78972,2019-08-27T13:29:56.788204,2020-04-28T13:29:56.788204
207,330,72529,2020-07-25T13:29:56.788223,2020-10-08T13:29:56.788223
208,659,77984,2022-03-07T13:29:56.788241,2022-07-19T13:29:56.788241
209,689,59336,2020-11-17T13:29:56.788260,2021-05-07T13:29:56.788260
210,603,120132,2022-10-28T13:29:56.788279,2023-02-25T13:29:56.788279
211,9,40682,2021-01-22T13:29:56.788298,2021-11-04T13:29:56.788298
212,160,36766,2022-11-30T13:29:56.788317,2023-07-28T13:29:56.788317
213,872,72660,2022-08-25T13:29:56.788336,2023-07-06T13:29:56.788336
214,941,128524,2020-10-17T13:29:56.788355,2021-07-21T13:29:56.788355
215,976,88075,2022-11-20T13:29:56.788374,2022-12-02T13:29:56.788374
216,398,45711,2022-01-12T13:29:56.788394,2022-08-24T13:29:56.788394
217,872,86934,2019-05-23T13:29:56.788413,2019-12-10T13:29:56.788413
218,543,20137,2022-04-12T13:29:56.788432,2022-11-11T13:29:56.788432
219,269,55100,2022-06-10T13:29:56.788451,2023-01-19T13:29:56.788451
220,389,52736,2020-09-30T13:29:56.788470,2021-01-11T13:29:56.788470
221,239,126797,2020-09-13T13:29:56.788489,2021-08-27T13:29:56.788489
222,57,124353,2020-02-17T13:29:56.788508,2020-11-11T13:29:56.788508
223,102,78632,2019-06-15T13:29:56.788528,2020-04-29T13:29:56.788528
224,606,76761,2021-06-21T13:29:56.788547,2022-05-21T13:29:56.788547
225,742,97886,2022-07-27T13:29:56.788565,2023-04-11T13:29:56.788565
226,598,28054,2021-06-17T13:29:56.788584,2021-11-10T13:29:56.788584
227,33,48148,2022-10-06T13:29:56.788603,2023-06-14T13:29:56.788603
228,879,69636,2022-01-30T13:29:56.788623,2022-05-28T13:29:56.788623
229,206,46243,2021-09-10T13:29:56.788642,2022-06-01T13:29:56.788642
230,126,23538,2019-04-24T13:29:56.788660,2020-01-02T13:29:56.788660
231,443,49092,2019-09-05T13:29:56.788679,2020-04-18T13:29:56.788679
232,202,122964,2022-04-03T13:29:56.788699,2023-01-07T13:29:56.788699
233,291,89478,2020-07-03T13:29:56.788718,2021-01-14T13:29:56.788718
234,41,46233,2022-06-18T13:29:56.788737,2023-04-21T13:29:56.788737
235,784,53226,2020-03-28T13:29:56.788757,2020-07-15T13:29:56.788757
236,996,67007,2020-02-25T13:29:56.788776,2020-05-31T13:29:56.788776
237,246,93752,2019-11-16T13:29:56.788796,2020-10-27T13:29:56.788796
238,250,50964,2020-05-19T13:29:56.788815,2020-06-19T13:29:56.788815
239,490,85771,2020-05-01T13:29:56.788834,2020-09-01T13:29:56.788834
240,494,95199,2022-11-08T13:29:56.788853,2023-03-30T13:29:56.788853
241,525,25706,2019-05-05T13:29:56.788872,2019-08-21T13:29:56.788872
242,754,30236,2019-12-31T13:29:56.788891,2020-02-01T13:29:56.788891
243,642,90091,2019-07-27T13:29:56.788910,2020-07-07T13:29:56.788910
244,474,32821,2021-04-24T13:29:56.788929,2021-12-11T13:29:56.788929
245,128,70973,2020-02-09T13:29:56.788948,2020-03-31T13:29:56.788948
246,869,30027,2021-03-11T13:29:56.788968,2022-01-04T13:29:56.788968
247,301,34767,2020-04-28T13:29:56.788987,2020-10-04T13:29:56.788987
248,945,30503,2020-06-01T13:29:56.789006,2021-01-10T13:29:56.789006
249,412,36219,2020-10-12T13:29:56.789025,2021-05-11T13:29:56.789025
250,122,62378,2022-01-07T13:29:56.789044,2022-12-26T13:29:56.789044
251,287,48855,2021-08-03T13:29:56.789063,2021-12-06T13:29:56.789063
252,666,83560,2020-10-07T13:29:56.789082,2020-12-05T13:29:56.789082
253,91,86371,2020-10-09T13:29:56.789101,2020-11-21T13:29:56.789101
254,422,126804,2022-06-26T13:29:56.789119,2022-10-12T13:29:56.789119
255,297,64553,2021-12-28T13:29:56.789138,2022-07-16T13:29:56.789138
256,231,33622,2022-09-19T13:29:56.789157,2023-01-03T13:29:56.789157
257,603,127400,2021-10-16T13:29:56.789176,2022-09-17T13:29:56.789176
258,147,35349,2019-04-16T13:29:56.789195,2020-02-09T13:29:56.789195
259,548,35906,2021-03-13T13:29:56.789214,2021-07-05T13:29:56.789214
260,260,76978,2020-04-20T13:29:56.789234,2021-02-15T13:29:56.789234
261,325,68084,2021-04-20T13:29:56.789254,2021-09-07T13:29:56.789254
262,12,79070,2022-05-06T13:29:56.789274,2022-09-19T13:29:56.789274
263,897,116286,2021-12-14T13:29:56.789293,2022-06-06T13:29:56.789293
264,243,41156,2021-08-05T13:29:56.789312,2022-01-30T13:29:56.789312
265,347,85019,2021-06-30T13:29:56.789331,2021-10-25T13:29:56.789331
266,621,120503,2020-09-23T13:29:56.789350,2021-08-13T13:29:56.789350
267,490,104509,2019-11-23T13:29:56.789369,2020-10-03T13:29:56.789369
268,412,39428,2019-05-02T13:29:56.789389,2019-10-26T13:29:56.789389
269,277,101886,2019-06-02T13:29:56.789408,2020-01-17T13:29:56.789408
270,236,69714,2020-05-13T13:29:56.789429,2020-12-11T13:29:56.789429
271,995,126818,2019-12-10T13:29:56.789449,2020-05-26T13:29:56.789449
272,321,66676,2021-03-26T13:29:56.789469,2021-08-15T13:29:56.789469
273,862,35421,2019-10-06T13:29:56.789489,2019-10-26T13:29:56.789489
274,8,92465,2019-12-21T13:29:56.789508,2020-04-21T13:29:56.789508
275,41,68388,2021-10-11T13:29:56.789527,2022-04-17T13:29:56.789527
276,793,102296,2022-09-21T13:29:56.789547,2022-12-26T13:29:56.789547
277,405,50505,2023-02-11T13:29:56.789566,2023-03-06T13:29:56.789566
278,225,122526,2021-05-20T13:29:56.789585,2022-03-25T13:29:56.789585
279,271,113999,2020-02-10T13:29:56.789605,2020-05-08T13:29:56.789605
280,623,48667,2021-01-25T13:29:56.789624,2021-07-15T13:29:56.789624
281,821,98110,2021-05-14T13:29:56.789643,2021-07-17T13:29:56.789643
282,267,107587,2021-04-20T13:29:56.789662,2022-01-31T13:29:56.789662
283,641,84066,2021-01-03T13:29:56.789681,2021-07-31T13:29:56.789681
284,88,121083,2022-05-08T13:29:56.789701,2023-01-17T13:29:56.789701
285,85,38340,2021-03-18T13:29:56.789720,2021-05-14T13:29:56.789720
286,985,74087,2019-11-02T13:29:56.789739,2020-10-24T13:29:56.789739
287,152,114469,2020-08-29T13:29:56.789758,2020-12-03T13:29:56.789758
288,820,41664,2021-04-09T13:29:56.789777,2021-09-11T13:29:56.789777
289,112,44894,2019-05-02T13:29:56.789797,2019-09-28T13:29:56.789797
290,517,102572,2021-01-02T13:29:56.789817,2021-03-25T13:29:56.789817
291,388,42729,2022-11-13T13:29:56.789836,2023-04-22T13:29:56.789836
292,554,94185,2020-05-21T13:29:56.789855,2020-12-03T13:29:56.789855
293,50,45138,2022-06-11T13:29:56.789874,2022-08-17T13:29:56.789874
294,483,86678,2020-04-15T13:29:56.789893,2020-07-17T13:29:56.789893
295,833,27125,2022-03-23T13:29:56.789913,2023-02-01T13:29:56.789913
296,922,30548,2020-05-14T13:29:56.789933,2020-10-18T13:29:56.789933
297,876,114052,2020-05-04T13:29:56.789953,2020-08-14T13:29:56.789953
298,512,78149,2020-08-20T13:29:56.789973,2021-04-28T13:29:56.789973
299,189,49759,2023-01-16T13:29:56.789992,2023-04-20T13:29:56.789992
300,765,84607,2021-02-27T13:29:56.790012,2022-01-07T13:29:56.790012
301,76,40767,2020-07-07T13:29:56.790031,2020-09-15T13:29:56.790031
302,858,23188,2020-09-16T13:29:56.790049,2021-05-08T13:29:56.790049
303,902,66556,2022-05-03T13:29:56.790068,2022-08-21T13:29:56.790068
304,795,90526,2022-08-18T13:29:56.790087,2023-05-21T13:29:56.790087
305,609,30118,2021-05-17T13:29:56.790107,2021-05-23T13:29:56.790107
306,119,35381,2023-01-10T13:29:56.790126,2023-02-04T13:29:56.790126
307,908,108905,2021-07-07T13:29:56.790145,2022-06-22T13:29:56.790145
308,768,49848,2020-10-21T13:29:56.790164,2021-03-06T13:29:56.790164
309,576,48978,2022-05-27T13:29:56.790183,2022-08-30T13:29:56.790183
310,799,67851,2020-01-19T13:29:56.790203,2020-09-14T13:29:56.790203
311,282,115976,2019-07-15T13:29:56.790222,2019-09-17T13:29:56.790222
312,47,93768,2022-01-15T13:29:56.790241,2022-08-23T13:29:56.790241
313,922,56219,2022-03-13T13:29:56.790260,2022-05-20T13:29:56.790260
314,734,95758,2021-10-15T13:29:56.790279,2022-03-17T13:29:56.790279
315,16,23685,2019-05-07T13:29:56.790298,2020-02-13T13:29:56.790298
316,135,86708,2021-04-11T13:29:56.790318,2021-04-29T13:29:56.790318
317,996,75547,2020-08-17T13:29:56.790337,2021-01-03T13:29:56.790337
318,11,77434,2019-08-31T13:29:56.790356,2019-12-10T13:29:56.790356
319,109,115381,2021-01-07T13:29:56.790376,2021-04-16T13:29:56.790376
320,761,104604,2019-08-21T13:29:56.790395,2019-11-20T13:29:56.790395
321,354,82494,2022-07-20T13:29:56.790415,2022-10-06T13:29:56.790415
322,938,125119,2021-04-29T13:29:56.790456,2021-08-10T13:29:56.790456
323,944,31052,2020-07-27T13:29:56.790478,2021-06-01T13:29:56.790478
324,732,65591,2019-05-21T13:29:56.790497,2019-11-16T13:29:56.790497
325,959,80275,2021-11-19T13:29:56.790516,2022-05-24T13:29:56.790516
326,433,84130,2019-07-17T13:29:56.790535,2020-02-28T13:29:56.790535
327,775,117118,2021-04-29T13:29:56.790554,2021-07-26T13:29:56.790554
328,383,79526,2019-07-12T13:29:56.790573,2020-02-24T13:29:56.790573
329,181,80069,2022-08-03T13:29:56.790592,2023-06-13T13:29:56.790592
330,157,75167,2021-02-28T13:29:56.790611,2021-11-05T13:29:56.790611
331,439,57831,2021-09-25T13:29:56.790630,2022-06-09T13:29:56.790630
332,891,21515,2022-08-28T13:29:56.790649,2023-01-06T13:29:56.790649
333,752,58596,2019-10-13T13:29:56.790668,2020-05-09T13:29:56.790668
334,327,87405,2021-08-31T13:29:56.790687,2022-03-27T13:29:56.790687
335,449,66958,2019-10-04T13:29:56.790707,2020-05-24T13:29:56.790707
336,243,54780,2021-04-13T13:29:56.790726,2021-06-15T13:29:56.790726
337,565,68105,2021-12-27T13:29:56.790745,2022-09-04T13:29:56.790745
338,480,74249,2019-06-03T13:29:56.790765,2019-08-19T13:29:56.790765
339,912,107698,2019-12-13T13:29:56.790785,2020-11-29T13:29:56.790785
340,940,91000,2021-06-09T13:29:56.790804,2022-02-04T13:29:56.790804
341,521,113379,2021-12-22T13:29:56.790825,2022-01-31T13:29:56.790825
342,17,115822,2019-05-18T13:29:56.790844,2019-07-10T13:29:56.790844
343,436,95803,2023-02-08T13:29:56.790864,2023-07-14T13:29:56.790864
344,449,94646,2020-01-31T13:29:56.790883,2020-10-20T13:29:56.790883
345,344,65320,2021-10-20T13:29:56.790903,2022-09-28T13:29:56.790903
346,171,69231,2021-02-01T13:29:56.790922,2021-12-24T13:29:56.790922
347,238,28278,2020-06-19T13:29:56.790941,2020-07-27T13:29:56.790941
348,510,114938,2021-03-04T13:29:56.790961,2021-12-12T13:29:56.790961
349,13,65994,2021-01-07T13:29:56.790980,2021-12-18T13:29:56.790980
350,756,24988,2022-08-04T13:29:56.791019,2023-03-12T13:29:56.791019
351,353,34305,2021-05-24T13:29:56.791058,2022-02-15T13:29:56.791058
352,299,79832,2020-03-29T13:29:56.791096,2020-10-30T13:29:56.791096
353,113,71867,2020-02-12T13:29:56.791116,2020-05-22T13:29:56.791116
354,618,23681,2020-09-11T13:29:56.791137,2021-08-04T13:29:56.791137
355,984,88281,2021-05-29T13:29:56.791157,2022-01-13T13:29:56.791157
356,599,32061,2020-10-07T13:29:56.791177,2021-02-07T13:29:56.791177
357,473,73501,2022-06-18T13:29:56.791196,2022-11-10T13:29:56.791196
358,270,25240,2021-12-12T13:29:56.791216,2022-04-18T13:29:56.791216
359,120,72243,2022-06-06T13:29:56.791236,2023-05-11T13:29:56.791236
360,739,111070,2020-12-23T13:29:56.791255,2021-09-21T13:29:56.791255
361,370,72785,2019-10-31T13:29:56.791276,2019-11-04T13:29:56.791276
362,260,36846,2021-04-26T13:29:56.791295,2021-06-13T13:29:56.791295
363,64,121808,2021-06-16T13:29:56.791315,2022-03-28T13:29:56.791315
364,829,128626,2019-11-20T13:29:56.791334,2020-10-15T13:29:56.791334
365,942,54926,2021-03-15T13:29:56.791353,2021-03-20T13:29:56.791353
366,428,78861,2019-06-27T13:29:56.791372,2020-01-10T13:29:56.791372
367,743,128347,2021-05-26T13:29:56.791391,2021-10-10T13:29:56.791391
368,394,20520,2021-09-10T13:29:56.791411,2022-08-30T13:29:56.791411
369,322,21163,2019-10-21T13:29:56.791430,2020-05-16T13:29:56.791430
370,38,103805,2022-02-12T13:29:56.791450,2022-08-18T13:29:56.791450
371,564,54512,2019-04-20T13:29:56.791469,2019-09-18T13:29:56.791469
372,493,41835,2019-08-15T13:29:56.791489,2020-02-06T13:29:56.791489
373,866,36802,2020-01-28T13:29:56.791510,2020-07-02T13:29:56.791510
374,946,49569,2021-09-05T13:29:56.791529,2022-01-04T13:29:56.791529
375,439,67389,2022-02-06T13:29:56.791549,2022-03-10T13:29:56.791549
376,11,24357,2020-02-19T13:29:56.791568,2020-08-23T13:29:56.791568
377,808,114757,2022-10-20T13:29:56.791588,2023-09-19T13:29:56.791588
378,45,77612,2022-05-06T13:29:56.791608,2022-09-12T13:29:56.791608
379,966,36074,2022-08-23T13:29:56.791627,2022-11-20T13:29:56.791627
380,204,98082,2022-12-28T13:29:56.791646,2023-09-02T13:29:56.791646
381,140,57268,2022-06-17T13:29:56.791666,2023-01-31T13:29:56.791666
382,449,58378,2019-11-28T13:29:56.791687,2020-01-03T13:29:56.791687
383,745,79102,2021-01-03T13:29:56.791707,2021-07-06T13:29:56.791707
384,297,121099,2019-10-26T13:29:56.791726,2019-12-23T13:29:56.791726
385,886,113723,2020-03-18T13:29:56.791746,2020-07-08T13:29:56.791746
386,663,37481,2021-02-12T13:29:56.791766,2021-05-15T13:29:56.791766
387,645,43883,2019-10-29T13:29:56.791786,2020-08-25T13:29:56.791786
388,760,121542,2021-04-26T13:29:56.791806,2021-07-04T13:29:56.791806
389,995,111850,2023-01-19T13:29:56.791826,2023-09-11T13:29:56.791826
390,222,54489,2019-12-13T13:29:56.791845,2020-02-22T13:29:56.791845
391,589,84771,2020-04-19T13:29:56.791864,2021-04-12T13:29:56.791864
392,466,21397,2022-08-20T13:29:56.791884,2022-08-31T13:29:56.791884
393,336,117544,2021-03-26T13:29:56.791903,2022-02-10T13:29:56.791903
394,122,25804,2020-02-08T13:29:56.791923,2020-03-05T13:29:56.791923
395,211,121344,2020-12-18T13:29:56.791942,2021-07-21T13:29:56.791942
396,589,74797,2021-11-05T13:29:56.791962,2021-11-25T13:29:56.791962
397,546,47605,2021-10-19T13:29:56.791981,2022-08-29T13:29:56.791981
398,467,129865,2022-11-30T13:29:56.792001,2023-11-13T13:29:56.792001
399,206,122101,2020-12-03T13:29:56.792020,2021-11-14T13:29:56.792020
400,984,54656,2020-12-26T13:29:56.792039,2021-08-09T13:29:56.792039
401,299,124147,2022-09-29T13:29:56.792059,2022-10-19T13:29:56.792059
402,963,49296,2022-05-26T13:29:56.792078,2022-12-05T13:29:56.792078
403,532,97141,2020-01-14T13:29:56.792097,2020-04-19T13:29:56.792097
404,781,48993,2021-09-20T13:29:56.792117,2022-03-20T13:29:56.792117
405,708,105046,2021-03-18T13:29:56.792136,2022-01-24T13:29:56.792136
406,789,77500,2021-08-24T13:29:56.792155,2022-07-16T13:29:56.792155
407,417,88965,2021-04-07T13:29:56.792175,2021-07-20T13:29:56.792175
408,745,49386,2021-12-25T13:29:56.792194,2022-06-07T13:29:56.792194
409,445,85134,2022-10-13T13:29:56.792214,2023-05-25T13:29:56.792214
410,528,115152,2021-04-18T13:29:56.792233,2021-08-12T13:29:56.792233
411,921,36077,2020-02-01T13:29:56.792252,2020-04-09T13:29:56.792252
412,418,107437,2021-03-18T13:29:56.792271,2021-11-17T13:29:56.792271
413,405,57042,2022-07-10T13:29:56.792291,2023-03-18T13:29:56.792291
414,418,29201,2019-07-30T13:29:56.792311,2019-10-02T13:29:56.792311
415,45,125957,2021-05-04T13:29:56.792331,2021-09-10T13:29:56.792331
416,381,47660,2020-06-24T13:29:56.792351,2021-05-03T13:29:56.792351
417,892,108528,2022-04-09T13:29:56.792371,2022-12-13T13:29:56.792371
418,819,49446,2020-10-24T13:29:56.792390,2020-11-12T13:29:56.792390
419,7,117676,2023-01-26T13:29:56.792409,2023-10-07T13:29:56.792409
420,84,42652,2020-05-29T13:29:56.792429,2020-06-19T13:29:56.792429
421,774,40097,2020-06-10T13:29:56.792449,2021-04-05T13:29:56.792449
422,347,47654,2019-09-06T13:29:56.792469,2019-11-23T13:29:56.792469
423,215,124138,2023-01-14T13:29:56.792489,2023-12-02T13:29:56.792489
424,217,77777,2021-12-22T13:29:56.792508,2022-05-14T13:29:56.792508
425,460,109307,2021-09-28T13:29:56.792527,2021-10-29T13:29:56.792527
426,553,91853,2019-10-29T13:29:56.792547,2019-11-03T13:29:56.792547
427,680,129545,2022-08-26T13:29:56.792566,2022-12-06T13:29:56.792566
428,405,63513,2019-12-11T13:29:56.792585,2020-03-06T13:29:56.792585
429,847,87390,2022-07-22T13:29:56.792605,2022-12-11T13:29:56.792605
430,988,113576,2019-09-06T13:29:56.792624,2020-04-24T13:29:56.792624
431,655,117487,2022-01-05T13:29:56.792643,2022-09-13T13:29:56.792643
432,248,78258,2020-06-25T13:29:56.792663,2020-10-11T13:29:56.792663
433,970,27632,2022-08-14T13:29:56.792683,2023-01-11T13:29:56.792683
434,273,54394,2022-01-16T13:29:56.792702,2022-11-14T13:29:56.792702
435,521,91427,2020-04-07T13:29:56.792722,2020-10-10T13:29:56.792722
436,455,50327,2019-11-28T13:29:56.792741,2020-07-22T13:29:56.792741
437,581,22240,2022-01-13T13:29:56.792760,2022-09-20T13:29:56.792760
438,583,51856,2019-04-18T13:29:56.792780,2019-08-29T13:29:56.792780
439,896,82453,2021-11-17T13:29:56.792799,2021-11-18T13:29:56.792799
440,928,33639,2019-11-09T13:29:56.792819,2020-04-18T13:29:56.792819
441,473,87572,2019-10-06T13:29:56.792838,2019-10-19T13:29:56.792838
442,252,111026,2019-12-11T13:29:56.792857,2020-06-10T13:29:56.792857
443,292,29611,2019-12-05T13:29:56.792877,2020-10-09T13:29:56.792877
444,662,103705,2020-01-22T13:29:56.792896,2020-02-01T13:29:56.792896
445,879,76833,2021-11-08T13:29:56.792916,2021-12-25T13:29:56.792916
446,564,46072,2020-01-25T13:29:56.792935,2020-09-29T13:29:56.792935
447,323,98984,2020-11-27T13:29:56.792954,2021-01-21T13:29:56.792954
448,819,21607,2022-11-26T13:29:56.792974,2023-05-09T13:29:56.792974
449,57,114316,2021-02-03T13:29:56.792993,2021-05-23T13:29:56.792993
450,425,94157,2019-12-29T13:29:56.793014,2020-01-15T13:29:56.793014
451,43,32729,2020-06-14T13:29:56.793033,2020-07-26T13:29:56.793033
452,965,76844,2019-05-17T13:29:56.793053,2019-05-21T13:29:56.793053
453,303,118977,2022-09-11T13:29:56.793072,2023-01-12T13:29:56.793072
454,311,101927,2022-03-05T13:29:56.793091,2022-07-08T13:29:56.793091
455,591,28096,2019-12-31T13:29:56.793111,2020-03-05T13:29:56.793111
456,672,28077,2022-12-28T13:29:56.793130,2023-08-26T13:29:56.793130
457,65,41688,2022-11-29T13:29:56.793149,2023-08-18T13:29:56.793149
458,269,54383,2022-06-07T13:29:56.793168,2023-03-31T13:29:56.793168
459,350,49032,2019-12-11T13:29:56.793188,2020-02-18T13:29:56.793188
460,486,107076,2022-08-22T13:29:56.793207,2022-09-20T13:29:56.793207
461,536,74719,2022-11-24T13:29:56.793226,2023-08-25T13:29:56.793226
462,465,121496,2020-10-22T13:29:56.793245,2021-04-28T13:29:56.793245
463,304,90387,2019-04-29T13:29:56.793265,2020-01-19T13:29:56.793265
464,960,116749,2020-02-19T13:29:56.793284,2020-04-26T13:29:56.793284
465,492,87743,2019-05-30T13:29:56.793303,2019-09-10T13:29:56.793303
466,814,49222,2022-11-17T13:29:56.793322,2023-08-07T13:29:56.793322
467,92,74571,2022-12-06T13:29:56.793342,2023-08-28T13:29:56.793342
468,437,93357,2020-03-09T13:29:56.793361,2020-07-11T13:29:56.793361
469,545,105902,2019-10-23T13:29:56.793380,2020-09-08T13:29:56.793380
470,994,90634,2019-12-28T13:29:56.793399,2020-09-19T13:29:56.793399
471,199,71265,2020-01-25T13:29:56.793419,2020-09-01T13:29:56.793419
472,614,67596,2021-10-28T13:29:56.793438,2021-11-17T13:29:56.793438
473,213,32732,2022-10-23T13:29:56.793458,2023-08-09T13:29:56.793458
474,920,49352,2022-02-09T13:29:56.793477,2022-11-26T13:29:56.793477
475,181,118861,2021-10-07T13:29:56.793496,2022-08-03T13:29:56.793496
476,501,123568,2021-01-04T13:29:56.793516,2021-08-15T13:29:56.793516
477,896,96532,2022-11-02T13:29:56.793536,2023-09-06T13:29:56.793536
478,310,35192,2020-04-29T13:29:56.793555,2021-03-02T13:29:56.793555
479,681,102344,2022-06-25T13:29:56.793574,2022-12-13T13:29:56.793574
480,619,69116,2022-06-08T13:29:56.793593,2022-07-06T13:29:56.793593
481,396,116326,2019-09-23T13:29:56.793612,2020-02-13T13:29:56.793612
482,579,121834,2022-08-10T13:29:56.793632,2022-11-15T13:29:56.793632
483,285,90775,2022-03-17T13:29:56.793651,2022-08-10T13:29:56.793651
484,675,91002,2019-08-27T13:29:56.793670,2020-01-09T13:29:56.793670
485,841,59450,2023-01-18T13:29:56.793689,2023-02-24T13:29:56.793689
486,829,83681,2022-02-06T13:29:56.793708,2022-09-10T13:29:56.793708
487,458,97231,2022-01-25T13:29:56.793727,2022-10-25T13:29:56.793727
488,53,39244,2022-06-20T13:29:56.793747,2023-01-20T13:29:56.793747
489,426,71311,2021-01-13T13:29:56.793766,2021-04-22T13:29:56.793766
490,721,93697,2020-04-09T13:29:56.793785,2020-10-23T13:29:56.793785
491,919,41489,2022-01-19T13:29:56.793804,2022-10-28T13:29:56.793804
492,332,97456,2022-05-31T13:29:56.793823,2023-03-19T13:29:56.793823
493,642,84155,2020-11-07T13:29:56.793842,2021-01-30T13:29:56.793842
494,223,81778,2021-06-28T13:29:56.793861,2021-07-30T13:29:56.793861
495,727,116306,2021-07-14T13:29:56.793881,2021-09-16T13:29:56.793881
496,636,123691,2022-06-29T13:29:56.793900,2023-06-10T13:29:56.793900
497,375,98078,2021-11-17T13:29:56.793919,2022-03-29T13:29:56.793919
498,483,116457,2021-07-21T13:29:56.793939,2022-04-07T13:29:56.793939
499,208,128377,2020-07-13T13:29:56.793958,2020-08-21T13:29:56.793958
500,430,71199,2020-06-21T13:29:56.793977,2020-11-14T13:29:56.793977
501,80,26793,2022-02-28T13:29:56.793996,2022-11-03T13:29:56.793996
502,691,78117,2021-02-20T13:29:56.794016,2021-03-09T13:29:56.794016
503,974,43771,2020-05-05T13:29:56.794035,2021-04-14T13:29:56.794035
504,164,103766,2022-12-15T13:29:56.794054,2023-03-21T13:29:56.794054
505,475,86377,2022-08-14T13:29:56.794073,2022-11-04T13:29:56.794073
506,658,52080,2020-04-18T13:29:56.794092,2020-12-29T13:29:56.794092
507,971,122447,2020-07-03T13:29:56.794111,2021-01-19T13:29:56.794111
508,215,90049,2021-10-21T13:29:56.794131,2022-02-14T13:29:56.794131
509,250,83255,2022-07-13T13:29:56.794150,2023-05-22T13:29:56.794150
510,83,98894,2020-07-16T13:29:56.794169,2020-10-17T13:29:56.794169
511,287,75126,2021-03-13T13:29:56.794188,2021-03-16T13:29:56.794188
512,112,115794,2020-11-14T13:29:56.794207,2021-08-22T13:29:56.794207
513,192,84417,2020-06-08T13:29:56.794226,2021-01-01T13:29:56.794226
514,347,70331,2021-04-21T13:29:56.794245,2021-06-18T13:29:56.794245
515,637,77816,2021-01-27T13:29:56.794264,2021-05-25T13:29:56.794264
516,226,87600,2021-10-08T13:29:56.794284,2022-08-07T13:29:56.794284
517,198,124784,2019-07-14T13:29:56.794303,2019-08-09T13:29:56.794303
518,190,67126,2019-06-26T13:29:56.794322,2019-11-30T13:29:56.794322
519,774,40666,2023-01-25T13:29:56.794341,2023-07-23T13:29:56.794341
520,232,22170,2019-12-24T13:29:56.794360,2020-09-15T13:29:56.794360
521,586,105213,2020-02-28T13:29:56.794379,2020-05-09T13:29:56.794379
522,379,34609,2022-09-10T13:29:56.794399,2023-07-30T13:29:56.794399
523,745,97767,2020-01-21T13:29:56.794420,2020-04-30T13:29:56.794420
524,422,129511,2021-10-29T13:29:56.794461,2022-01-19T13:29:56.794461
525,530,80975,2021-08-03T13:29:56.794481,2021-12-01T13:29:56.794481
526,926,58650,2020-11-03T13:29:56.794501,2021-09-15T13:29:56.794501
527,13,119593,2022-07-28T13:29:56.794520,2023-02-21T13:29:56.794520
528,592,33452,2021-05-13T13:29:56.794539,2022-01-06T13:29:56.794539
529,863,64565,2021-04-30T13:29:56.794558,2022-03-21T13:29:56.794558
530,348,24866,2021-08-30T13:29:56.794578,2022-01-23T13:29:56.794578
531,466,53464,2023-02-04T13:29:56.794597,2023-12-13T13:29:56.794597
532,176,25149,2019-04-23T13:29:56.794616,2020-02-06T13:29:56.794616
533,496,25089,2021-12-13T13:29:56.794635,2022-11-05T13:29:56.794635
534,966,90943,2019-07-17T13:29:56.794654,2019-09-22T13:29:56.794654
535,146,46627,2020-09-12T13:29:56.794674,2021-04-19T13:29:56.794674
536,364,39398,2021-01-06T13:29:56.794694,2021-12-08T13:29:56.794694
537,495,83565,2021-01-13T13:29:56.794714,2021-05-19T13:29:56.794714
538,314,30323,2021-11-29T13:29:56.794734,2022-08-02T13:29:56.794734
539,964,40558,2022-11-10T13:29:56.794753,2023-01-31T13:29:56.794753
540,298,34857,2020-07-31T13:29:56.794772,2021-02-28T13:29:56.794772
541,92,101061,2019-08-18T13:29:56.794791,2019-08-19T13:29:56.794791
542,951,120035,2019-05-16T13:29:56.794824,2019-12-13T13:29:56.794824
543,657,56657,2019-05-31T13:29:56.794860,2020-01-19T13:29:56.794860
544,117,113583,2022-02-13T13:29:56.794895,2022-05-16T13:29:56.794895
545,117,122405,2020-09-10T13:29:56.794930,2020-12-28T13:29:56.794930
546,16,60889,2020-03-25T13:29:56.794964,2020-06-10T13:29:56.794964
547,778,86660,2020-10-14T13:29:56.794999,2021-02-14T13:29:56.794999
548,303,61348,2022-01-12T13:29:56.795034,2022-03-17T13:29:56.795034
549,670,127845,2022-02-16T13:29:56.795068,2022-07-30T13:29:56.795068
550,990,74866,2020-01-10T13:29:56.795103,2020-10-08T13:29:56.795103
551,424,48236,2020-06-06T13:29:56.795137,2020-08-11T13:29:56.795137
552,727,108345,2021-12-17T13:29:56.795172,2022-04-06T13:29:56.795172
553,411,98358,2021-02-15T13:29:56.795207,2021-05-28T13:29:56.795207
554,748,30717,2019-06-08T13:29:56.795241,2020-06-01T13:29:56.795241
555,890,51747,2021-09-20T13:29:56.795277,2021-09-29T13:29:56.795277
556,6,92778,2020-03-28T13:29:56.795313,2020-09-25T13:29:56.795313
557,998,45417,2021-09-29T13:29:56.795348,2022-04-06T13:29:56.795348
558,614,73196,2022-06-10T13:29:56.795383,2023-03-30T13:29:56.795383
559,48,65287,2021-06-01T13:29:56.795418,2021-11-07T13:29:56.795418
560,83,54417,2021-08-22T13:29:56.795452,2021-09-19T13:29:56.795452
561,507,33698,2022-03-18T13:29:56.795486,2022-06-11T13:29:56.795486
562,650,46588,2022-02-05T13:29:56.795519,2022-04-19T13:29:56.795519
563,983,121329,2019-07-03T13:29:56.795558,2019-11-18T13:29:56.795558
564,930,109053,2021-02-22T13:29:56.795592,2021-06-24T13:29:56.795592
565,360,84973,2022-04-14T13:29:56.795626,2022-07-09T13:29:56.795626
566,613,105087,2023-02-05T13:29:56.795661,2023-10-30T13:29:56.795661
567,35,52228,2023-01-09T13:29:56.795695,2023-10-07T13:29:56.795695
568,325,126902,2020-08-20T13:29:56.795730,2020-12-24T13:29:56.795730
569,359,67434,2019-12-23T13:29:56.795765,2020-06-22T13:29:56.795765
570,844,111794,2022-04-08T13:29:56.795799,2022-11-22T13:29:56.795799
571,209,117332,2022-08-17T13:29:56.795834,2023-05-07T13:29:56.795834
572,414,31143,2019-09-01T13:29:56.795868,2020-04-21T13:29:56.795868
573,280,100699,2021-05-25T13:29:56.795903,2021-09-19T13:29:56.795903
574,818,26962,2022-01-29T13:29:56.795937,2022-07-21T13:29:56.795937
575,425,22938,2021-09-08T13:29:56.795973,2022-06-08T13:29:56.795973
576,695,112203,2022-08-22T13:29:56.796007,2023-07-27T13:29:56.796007
577,672,94743,2021-04-05T13:29:56.796042,2022-02-13T13:29:56.796042
578,720,104415,2020-12-13T13:29:56.796076,2021-10-20T13:29:56.796076
579,970,113884,2022-02-28T13:29:56.796111,2022-04-04T13:29:56.796111
580,733,43635,2020-12-18T13:29:56.796145,2021-10-27T13:29:56.796145
581,938,60241,2019-12-24T13:29:56.796179,2020-09-21T13:29:56.796179
582,234,106477,2021-06-16T13:29:56.796214,2022-06-06T13:29:56.796214
583,35,87262,2021-01-05T13:29:56.796255,2021-08-07T13:29:56.796255
584,85,126853,2019-09-12T13:29:56.796297,2019-10-30T13:29:56.796297
585,819,26820,2021-02-11T13:29:56.796343,2021-07-31T13:29:56.796343
586,361,53726,2022-08-25T13:29:56.796391,2023-05-11T13:29:56.796391
587,514,22485,2022-12-26T13:29:56.796435,2023-01-15T13:29:56.796435
588,602,56932,2021-03-31T13:29:56.796472,2021-06-04T13:29:56.796472
589,842,115147,2021-02-20T13:29:56.796525,2021-09-08T13:29:56.796525
590,989,127071,2021-07-25T13:29:56.796573,2021-10-08T13:29:56.796573
591,228,31061,2020-12-27T13:29:56.796626,2021-05-02T13:29:56.796626
592,712,34307,2020-09-28T13:29:56.796666,2021-06-19T13:29:56.796666
593,149,20733,2021-06-15T13:29:56.796702,2021-07-03T13:29:56.796702
594,976,83572,2022-10-31T13:29:56.796724,2023-10-12T13:29:56.796724
595,844,94349,2022-02-12T13:29:56.796769,2022-12-15T13:29:56.796769
596,994,62463,2021-12-18T13:29:56.796824,2022-11-29T13:29:56.796824
597,21,95792,2022-06-16T13:29:56.796874,2022-09-03T13:29:56.796874
598,107,40610,2020-01-06T13:29:56.796937,2020-06-11T13:29:56.796937
599,850,65373,2022-06-03T13:29:56.796985,2022-07-06T13:29:56.796985
600,257,84846,2020-10-31T13:29:56.797030,2021-04-21T13:29:56.797030
601,54,104617,2019-06-09T13:29:56.797074,2019-12-26T13:29:56.797074
602,401,46206,2019-06-13T13:29:56.797117,2019-11-27T13:29:56.797117
603,396,42917,2020-01-17T13:29:56.797164,2020-08-23T13:29:56.797164
604,362,22730,2022-08-07T13:29:56.797210,2023-01-11T13:29:56.797210
605,685,72698,2021-10-31T13:29:56.797260,2022-07-28T13:29:56.797260
606,238,103125,2022-09-17T13:29:56.797308,2022-10-12T13:29:56.797308
607,217,76304,2022-11-02T13:29:56.797352,2022-12-07T13:29:56.797352
608,667,111756,2019-09-29T13:29:56.797395,2019-12-01T13:29:56.797395
609,898,126641,2020-01-20T13:29:56.797441,2020-06-17T13:29:56.797441
610,454,112162,2019-11-16T13:29:56.797486,2020-01-19T13:29:56.797486
611,969,99824,2022-02-28T13:29:56.797534,2023-01-09T13:29:56.797534
612,97,20814,2019-06-23T13:29:56.797576,2019-06-24T13:29:56.797576
613,308,32615,2022-07-21T13:29:56.797622,2022-11-19T13:29:56.797622
614,201,70770,2022-06-12T13:29:56.797668,2022-06-12T13:29:56.797668
615,131,101843,2020-05-28T13:29:56.797717,2020-07-01T13:29:56.797717
616,68,109406,2019-11-18T13:29:56.797762,2020-03-13T13:29:56.797762
617,688,39793,2021-10-07T13:29:56.797802,2022-05-01T13:29:56.797802
618,397,63983,2020-06-10T13:29:56.797845,2020-06-14T13:29:56.797845
619,289,29251,2021-10-17T13:29:56.797890,2022-03-01T13:29:56.797890
620,369,23413,2022-12-11T13:29:56.797934,2023-04-17T13:29:56.797934
621,986,39311,2021-08-03T13:29:56.797975,2022-05-28T13:29:56.797975
622,673,44033,2020-10-30T13:29:56.798016,2021-06-03T13:29:56.798016
623,9,66498,2022-01-17T13:29:56.798065,2022-08-21T13:29:56.798065
624,929,127062,2021-09-06T13:29:56.798108,2022-06-29T13:29:56.798108
625,330,63847,2020-01-04T13:29:56.798151,2020-08-26T13:29:56.798151
626,852,128233,2020-10-20T13:29:56.798194,2021-04-13T13:29:56.798194
627,496,125467,2019-11-19T13:29:56.798242,2020-04-14T13:29:56.798242
628,513,111872,2021-01-10T13:29:56.798286,2021-09-01T13:29:56.798286
629,226,80362,2020-10-17T13:29:56.798335,2021-05-22T13:29:56.798335
630,611,25081,2020-10-08T13:29:56.798379,2021-08-29T13:29:56.798379
631,288,43459,2019-07-09T13:29:56.798437,2020-05-02T13:29:56.798437
632,562,104304,2021-08-26T13:29:56.798499,2022-03-13T13:29:56.798499
633,423,111815,2023-01-16T13:29:56.798546,2023-10-21T13:29:56.798546
634,642,51159,2020-03-02T13:29:56.798590,2021-02-19T13:29:56.798590
635,691,100268,2022-08-30T13:29:56.798629,2023-03-08T13:29:56.798629
636,648,63924,2022-02-12T13:29:56.798673,2022-09-11T13:29:56.798673
637,406,126293,2021-08-08T13:29:56.798716,2021-11-10T13:29:56.798716
638,529,110742,2019-11-05T13:29:56.798759,2020-05-21T13:29:56.798759
639,134,31679,2022-05-19T13:29:56.798805,2022-11-04T13:29:56.798805
640,284,80210,2021-02-28T13:29:56.798852,2021-05-19T13:29:56.798852
641,508,129607,2022-03-06T13:29:56.798892,2023-02-21T13:29:56.798892
642,636,129236,2020-04-14T13:29:56.798935,2020-10-16T13:29:56.798935
643,537,122945,2019-10-20T13:29:56.798976,2020-07-14T13:29:56.798976
644,425,46795,2022-12-04T13:29:56.799022,2023-06-26T13:29:56.799022
645,322,56991,2019-07-03T13:29:56.799065,2019-07-26T13:29:56.799065
646,243,118259,2020-08-12T13:29:56.799108,2020-10-31T13:29:56.799108
647,723,98383,2021-02-28T13:29:56.799160,2021-07-27T13:29:56.799160
648,326,124493,2020-02-07T13:29:56.799210,2020-02-07T13:29:56.799210
649,202,121110,2019-11-16T13:29:56.799259,2020-02-22T13:29:56.799259
650,226,86442,2022-11-21T13:29:56.799307,2023-05-06T13:29:56.799307
651,777,94382,2022-10-16T13:29:56.799351,2023-01-15T13:29:56.799351
652,405,31696,2021-09-05T13:29:56.799397,2022-02-13T13:29:56.799397
653,664,115692,2019-07-02T13:29:56.799440,2019-08-05T13:29:56.799440
654,607,88676,2020-02-21T13:29:56.799485,2020-11-21T13:29:56.799485
655,185,121690,2022-10-03T13:29:56.799541,2022-10-28T13:29:56.799541
656,643,37311,2021-08-09T13:29:56.799588,2022-03-03T13:29:56.799588
657,663,100886,2019-04-18T13:29:56.799631,2019-09-19T13:29:56.799631
658,9,128345,2020-08-21T13:29:56.799676,2020-11-24T13:29:56.799676
659,900,108184,2021-02-18T13:29:56.799719,2021-08-17T13:29:56.799719
660,708,104654,2021-12-03T13:29:56.799768,2022-09-05T13:29:56.799768
661,861,99018,2022-11-02T13:29:56.799811,2023-08-27T13:29:56.799811
662,465,30738,2019-07-17T13:29:56.799855,2020-06-25T13:29:56.799855
663,539,123827,2019-08-22T13:29:56.799897,2020-01-23T13:29:56.799897
664,561,97002,2019-06-07T13:29:56.799939,2020-02-19T13:29:56.799939
665,359,118033,2020-05-29T13:29:56.799977,2020-08-10T13:29:56.799977
666,830,25265,2019-11-26T13:29:56.800024,2020-06-24T13:29:56.800024
667,405,62152,2019-07-21T13:29:56.800074,2020-04-08T13:29:56.800074
668,665,108602,2020-06-15T13:29:56.800128,2020-07-22T13:29:56.800128
669,967,26679,2019-05-26T13:29:56.800174,2020-02-11T13:29:56.800174
670,959,108044,2020-04-06T13:29:56.800226,2020-07-10T13:29:56.800226
671,377,78398,2019-05-21T13:29:56.800276,2019-06-10T13:29:56.800276
672,740,120954,2022-06-13T13:29:56.800327,2022-07-29T13:29:56.800327
673,380,118410,2022-07-08T13:29:56.800367,2023-06-06T13:29:56.800367
674,8,36294,2021-09-26T13:29:56.800415,2022-09-17T13:29:56.800415
675,500,126104,2020-08-12T13:29:56.800465,2021-03-07T13:29:56.800465
676,57,109336,2021-02-15T13:29:56.800518,2021-09-16T13:29:56.800518
677,560,40198,2021-12-13T13:29:56.800559,2022-07-14T13:29:56.800559
678,823,83151,2022-06-04T13:29:56.800601,2022-09-18T13:29:56.800601
679,13,90409,2019-07-08T13:29:56.800650,2019-09-18T13:29:56.800650
680,136,96039,2019-11-21T13:29:56.800689,2020-05-28T13:29:56.800689
681,753,115020,2022-07-30T13:29:56.800739,2022-10-09T13:29:56.800739
682,843,117337,2020-08-08T13:29:56.800783,2021-04-19T13:29:56.800783
683,491,114812,2021-04-04T13:29:56.800827,2022-03-08T13:29:56.800827
684,194,120720,2020-03-15T13:29:56.800871,2020-11-11T13:29:56.800871
685,623,38020,2023-01-28T13:29:56.800920,2023-04-11T13:29:56.800920
686,549,122393,2022-10-17T13:29:56.800973,2023-03-01T13:29:56.800973
687,685,27907,2020-05-20T13:29:56.801017,2020-12-22T13:29:56.801017
688,623,38747,2020-01-02T13:29:56.801064,2020-06-26T13:29:56.801064
689,864,41733,2020-01-26T13:29:56.801111,2020-10-03T13:29:56.801111
690,8,100603,2019-05-15T13:29:56.801160,2019-07-19T13:29:56.801160
691,921,109295,2019-12-25T13:29:56.801212,2020-03-10T13:29:56.801212
692,855,28286,2019-12-16T13:29:56.801258,2020-05-14T13:29:56.801258
693,453,106356,2019-08-27T13:29:56.801313,2019-11-14T13:29:56.801313
694,975,86609,2023-02-10T13:29:56.801361,2023-02-10T13:29:56.801361
695,444,104648,2021-10-26T13:29:56.801413,2022-08-16T13:29:56.801413
696,460,90373,2021-11-14T13:29:56.801466,2022-07-18T13:29:56.801466
697,303,89202,2021-01-03T13:29:56.801510,2021-01-20T13:29:56.801510
698,580,87575,2022-10-21T13:29:56.801553,2023-03-09T13:29:56.801553
699,830,46096,2021-03-15T13:29:56.801602,2021-11-13T13:29:56.801602
700,49,84280,2023-01-26T13:29:56.801642,2023-05-11T13:29:56.801642
701,389,101598,2022-09-22T13:29:56.801686,2023-04-06T13:29:56.801686
702,932,105105,2019-05-25T13:29:56.801732,2020-01-06T13:29:56.801732
703,246,86909,2020-11-21T13:29:56.801777,2020-12-13T13:29:56.801777
704,365,110210,2021-07-13T13:29:56.801820,2022-01-16T13:29:56.801820
705,746,25602,2022-01-10T13:29:56.801862,2022-06-14T13:29:56.801862
706,817,26760,2021-01-12T13:29:56.801909,2021-04-16T13:29:56.801909
707,969,84874,2020-07-08T13:29:56.801956,2020-10-25T13:29:56.801956
708,440,55050,2019-08-14T13:29:56.802006,2020-07-25T13:29:56.802006
709,659,49722,2021-03-05T13:29:56.802056,2022-02-19T13:29:56.802056
710,857,77778,2020-02-24T13:29:56.802103,2020-05-12T13:29:56.802103
711,443,86065,2019-08-02T13:29:56.802153,2020-01-13T13:29:56.802153
712,992,96719,2021-01-10T13:29:56.802197,2021-09-23T13:29:56.802197
713,590,87820,2021-04-26T13:29:56.802244,2021-05-29T13:29:56.802244
714,957,21191,2019-11-06T13:29:56.802294,2019-12-25T13:29:56.802294
715,609,56120,2021-10-16T13:29:56.802341,2022-04-20T13:29:56.802341
716,579,123924,2022-11-27T13:29:56.802390,2023-09-05T13:29:56.802390
717,58,38277,2020-05-30T13:29:56.802450,2021-01-13T13:29:56.802450
718,392,84896,2021-01-21T13:29:56.802503,2021-09-02T13:29:56.802503
719,661,50100,2020-09-25T13:29:56.802542,2021-03-13T13:29:56.802542
720,621,43695,2022-09-08T13:29:56.802587,2023-05-05T13:29:56.802587
721,486,85789,2021-12-30T13:29:56.802632,2022-09-15T13:29:56.802632
722,283,38531,2022-07-08T13:29:56.802682,2022-09-20T13:29:56.802682
723,15,112846,2020-12-12T13:29:56.802729,2021-08-30T13:29:56.802729
724,794,66169,2021-03-18T13:29:56.802776,2021-12-26T13:29:56.802776
725,627,40634,2020-08-11T13:29:56.802820,2021-01-25T13:29:56.802820
726,181,89641,2021-09-28T13:29:56.802863,2021-10-25T13:29:56.802863
727,497,71727,2019-11-19T13:29:56.802908,2020-11-09T13:29:56.802908
728,661,93634,2023-01-13T13:29:56.802958,2023-06-26T13:29:56.802958
729,976,126475,2022-08-26T13:29:56.803002,2023-06-03T13:29:56.803002
730,305,128030,2022-07-23T13:29:56.803047,2023-05-09T13:29:56.803047
731,443,41207,2022-06-03T13:29:56.803098,2023-01-15T13:29:56.803098
732,483,39448,2022-06-16T13:29:56.803144,2023-05-01T13:29:56.803144
733,17,35926,2021-04-01T13:29:56.803187,2021-07-22T13:29:56.803187
734,197,53983,2021-12-26T13:29:56.803235,2022-10-26T13:29:56.803235
735,878,79180,2022-05-07T13:29:56.803284,2022-09-23T13:29:56.803284
736,541,84417,2020-11-10T13:29:56.803333,2021-04-26T13:29:56.803333
737,901,127723,2023-01-17T13:29:56.803379,2023-05-11T13:29:56.803379
738,619,120680,2022-10-21T13:29:56.803430,2022-12-09T13:29:56.803430
739,193,129447,2021-12-20T13:29:56.803476,2022-10-14T13:29:56.803476
740,373,72429,2020-04-14T13:29:56.803533,2020-07-21T13:29:56.803533
741,733,73388,2020-02-23T13:29:56.803602,2020-07-30T13:29:56.803602
742,404,95653,2020-01-29T13:29:56.803659,2020-09-06T13:29:56.803659
743,94,59813,2022-01-25T13:29:56.803715,2022-02-08T13:29:56.803715
744,489,90778,2021-03-05T13:29:56.803760,2022-02-17T13:29:56.803760
745,190,81956,2022-04-26T13:29:56.803800,2023-03-24T13:29:56.803800
746,168,28281,2022-09-13T13:29:56.803849,2023-02-28T13:29:56.803849
747,467,62570,2023-02-02T13:29:56.803902,2023-05-23T13:29:56.803902
748,20,20793,2021-12-16T13:29:56.803953,2021-12-29T13:29:56.803953
749,687,27451,2021-12-31T13:29:56.804004,2022-09-29T13:29:56.804004
750,702,46746,2020-05-24T13:29:56.804059,2021-04-01T13:29:56.804059
751,983,41098,2020-06-29T13:29:56.804108,2021-01-09T13:29:56.804108
752,317,80694,2020-02-04T13:29:56.804163,2020-04-06T13:29:56.804163
753,286,68779,2022-09-04T13:29:56.804256,2023-03-05T13:29:56.804256
754,194,79884,2021-06-13T13:29:56.804312,2021-08-28T13:29:56.804312
755,903,65200,2022-02-08T13:29:56.804355,2022-09-06T13:29:56.804355
756,817,121189,2020-05-12T13:29:56.804402,2020-06-21T13:29:56.804402
757,913,126857,2021-07-30T13:29:56.804456,2022-07-21T13:29:56.804456
758,702,47377,2022-12-29T13:29:56.804506,2023-08-01T13:29:56.804506
759,596,30058,2021-09-01T13:29:56.804552,2021-10-22T13:29:56.804552
760,617,50697,2021-09-02T13:29:56.804597,2021-09-18T13:29:56.804597
761,926,38138,2022-11-11T13:29:56.804648,2023-01-11T13:29:56.804648
762,319,49968,2022-07-27T13:29:56.804692,2022-10-12T13:29:56.804692
763,194,75820,2021-10-20T13:29:56.804735,2022-05-24T13:29:56.804735
764,189,56206,2022-11-02T13:29:56.804786,2022-12-28T13:29:56.804786
765,252,78648,2020-06-12T13:29:56.804836,2020-08-11T13:29:56.804836
766,585,116187,2022-07-28T13:29:56.804876,2023-01-10T13:29:56.804876
767,608,87401,2021-02-10T13:29:56.804924,2021-08-28T13:29:56.804924
768,210,111347,2023-01-21T13:29:56.804974,2023-06-22T13:29:56.804974
769,238,38212,2021-04-16T13:29:56.805021,2022-03-10T13:29:56.805021
770,690,98007,2020-02-27T13:29:56.805067,2021-01-22T13:29:56.805067
771,644,69569,2020-11-20T13:29:56.805109,2020-11-20T13:29:56.805109
772,835,65339,2020-08-30T13:29:56.805153,2021-03-13T13:29:56.805153
773,606,121588,2021-01-17T13:29:56.805203,2021-11-04T13:29:56.805203
774,133,38979,2019-08-13T13:29:56.805249,2020-03-01T13:29:56.805249
775,989,60804,2021-01-08T13:29:56.805301,2021-09-21T13:29:56.805301
776,867,100921,2021-12-14T13:29:56.805352,2022-02-15T13:29:56.805352
777,682,39409,2021-06-06T13:29:56.805402,2021-07-13T13:29:56.805402
778,850,92939,2021-10-13T13:29:56.805454,2021-12-15T13:29:56.805454
779,75,68469,2020-01-17T13:29:56.805499,2020-08-29T13:29:56.805499
780,248,100581,2021-08-10T13:29:56.805547,2022-05-22T13:29:56.805547
781,621,79571,2021-10-25T13:29:56.805591,2022-09-28T13:29:56.805591
782,169,105585,2020-06-15T13:29:56.805638,2021-02-26T13:29:56.805638
783,257,21483,2021-08-15T13:29:56.805679,2022-04-13T13:29:56.805679
784,486,59348,2020-01-13T13:29:56.805733,2020-04-04T13:29:56.805733
785,951,37295,2021-07-17T13:29:56.805787,2022-04-07T13:29:56.805787
786,453,97948,2021-03-14T13:29:56.805837,2021-08-04T13:29:56.805837
787,945,119742,2019-04-17T13:29:56.805886,2019-06-08T13:29:56.805886
788,622,38878,2020-01-08T13:29:56.805932,2020-07-02T13:29:56.805932
789,302,68806,2020-12-05T13:29:56.805979,2021-09-13T13:29:56.805979
790,878,44511,2020-09-14T13:29:56.806026,2021-04-25T13:29:56.806026
791,401,68249,2019-04-17T13:29:56.806070,2020-02-04T13:29:56.806070
792,763,115565,2021-03-26T13:29:56.806118,2021-05-04T13:29:56.806118
793,344,52347,2022-04-08T13:29:56.806169,2023-02-18T13:29:56.806169
794,970,129452,2021-07-02T13:29:56.806223,2021-09-28T13:29:56.806223
795,180,33097,2020-04-01T13:29:56.806268,2021-02-14T13:29:56.806268
796,883,65912,2021-06-11T13:29:56.806314,2022-03-12T13:29:56.806314
797,572,97667,2020-10-24T13:29:56.806368,2021-01-21T13:29:56.806368
798,766,96081,2021-11-03T13:29:56.806414,2022-10-09T13:29:56.806414
799,516,30911,2022-08-11T13:29:56.806474,2023-05-16T13:29:56.806474
800,54,68419,2019-04-20T13:29:56.806522,2019-06-03T13:29:56.806522
801,528,106645,2020-05-13T13:29:56.806573,2021-04-30T13:29:56.806573
802,809,71871,2020-02-09T13:29:56.806626,2020-08-10T13:29:56.806626
803,516,125223,2021-10-10T13:29:56.806680,2022-03-01T13:29:56.806680
804,395,87336,2020-08-06T13:29:56.806728,2020-10-25T13:29:56.806728
805,324,108165,2020-11-02T13:29:56.806779,2021-02-28T13:29:56.806779
806,691,64828,2022-03-26T13:29:56.806833,2022-09-05T13:29:56.806833
807,130,72402,2019-05-21T13:29:56.806888,2019-07-04T13:29:56.806888
808,30,31895,2022-08-20T13:29:56.806931,2022-12-01T13:29:56.806931
809,296,55420,2019-06-01T13:29:56.806972,2019-10-25T13:29:56.806972
810,874,79087,2022-09-02T13:29:56.807018,2023-02-18T13:29:56.807018
811,887,88253,2021-02-22T13:29:56.807062,2021-02-27T13:29:56.807062
812,487,69477,2020-11-07T13:29:56.807111,2021-07-23T13:29:56.807111
813,528,99173,2021-10-16T13:29:56.807156,2022-02-12T13:29:56.807156
814,667,116831,2022-12-21T13:29:56.807196,2023-04-11T13:29:56.807196
815,74,82113,2021-05-29T13:29:56.807237,2021-10-14T13:29:56.807237
816,947,56322,2023-01-10T13:29:56.807278,2023-03-14T13:29:56.807278
817,155,70782,2023-01-23T13:29:56.807318,2023-09-26T13:29:56.807318
818,130,41639,2019-08-14T13:29:56.807362,2020-02-09T13:29:56.807362
819,670,82435,2019-05-06T13:29:56.807423,2019-09-05T13:29:56.807423
820,636,69422,2019-08-03T13:29:56.807486,2020-05-04T13:29:56.807486
821,638,43524,2020-09-21T13:29:56.807544,2020-10-21T13:29:56.807544
822,160,77828,2021-01-24T13:29:56.807599,2021-07-15T13:29:56.807599
823,48,42965,2019-09-10T13:29:56.807656,2020-01-30T13:29:56.807656
824,931,103539,2021-08-04T13:29:56.807703,2021-11-10T13:29:56.807703
825,86,89865,2019-11-04T13:29:56.807748,2020-09-15T13:29:56.807748
826,846,118242,2021-01-28T13:29:56.807792,2021-12-19T13:29:56.807792
827,263,97105,2019-09-05T13:29:56.807837,2020-02-21T13:29:56.807837
828,293,82279,2021-06-11T13:29:56.807885,2022-04-15T13:29:56.807885
829,912,125578,2022-02-08T13:29:56.807929,2022-09-02T13:29:56.807929
830,33,76956,2020-07-20T13:29:56.807973,2020-10-31T13:29:56.807973
831,232,109091,2021-09-09T13:29:56.808017,2022-05-08T13:29:56.808017
832,670,76583,2020-03-03T13:29:56.808059,2020-11-13T13:29:56.808059
833,433,120131,2020-03-30T13:29:56.808107,2020-04-16T13:29:56.808107
834,164,117376,2022-12-30T13:29:56.808156,2023-02-16T13:29:56.808156
835,97,103479,2020-04-01T13:29:56.808205,2020-07-13T13:29:56.808205
836,715,75389,2020-12-09T13:29:56.808254,2021-07-07T13:29:56.808254
837,266,21516,2020-09-03T13:29:56.808302,2021-08-17T13:29:56.808302
838,726,126328,2022-10-11T13:29:56.808346,2023-05-11T13:29:56.808346
839,5,87466,2022-02-03T13:29:56.808400,2022-06-17T13:29:56.808400
840,443,105097,2021-04-28T13:29:56.808457,2021-09-20T13:29:56.808457
841,60,105808,2020-12-30T13:29:56.808512,2021-10-28T13:29:56.808512
842,738,53448,2022-07-28T13:29:56.808568,2022-09-11T13:29:56.808568
843,507,56021,2021-06-26T13:29:56.808624,2021-08-18T13:29:56.808624
844,784,64052,2020-01-17T13:29:56.808677,2020-02-10T13:29:56.808677
845,212,121871,2021-06-07T13:29:56.808724,2022-01-27T13:29:56.808724
846,190,111812,2019-07-19T13:29:56.808771,2020-03-02T13:29:56.808771
847,45,77711,2022-09-30T13:29:56.808819,2022-11-28T13:29:56.808819
848,278,117526,2019-12-16T13:29:56.808865,2020-06-19T13:29:56.808865
849,710,68589,2021-09-03T13:29:56.808914,2022-04-30T13:29:56.808914
850,987,76689,2019-04-18T13:29:56.808956,2020-01-03T13:29:56.808956
851,756,127435,2020-07-23T13:29:56.809004,2020-08-15T13:29:56.809004
852,725,73010,2019-10-13T13:29:56.809057,2019-12-06T13:29:56.809057
853,759,53243,2022-11-23T13:29:56.809105,2023-11-01T13:29:56.809105
854,459,27367,2023-01-14T13:29:56.809153,2023-11-19T13:29:56.809153
855,655,52776,2021-12-26T13:29:56.809198,2022-09-19T13:29:56.809198
856,819,124582,2022-09-07T13:29:56.809247,2023-07-30T13:29:56.809247
857,232,68653,2021-03-23T13:29:56.809299,2021-12-14T13:29:56.809299
858,724,88346,2020-02-02T13:29:56.809346,2020-06-19T13:29:56.809346
859,387,78545,2019-08-28T13:29:56.809394,2019-12-08T13:29:56.809394
860,912,29595,2020-03-07T13:29:56.809436,2020-04-06T13:29:56.809436
861,535,48144,2021-04-30T13:29:56.809479,2022-01-01T13:29:56.809479
862,650,113731,2020-05-07T13:29:56.809522,2020-09-02T13:29:56.809522
863,87,124079,2021-02-23T13:29:56.809567,2021-02-25T13:29:56.809567
864,250,73779,2020-12-24T13:29:56.809607,2021-02-05T13:29:56.809607
865,637,46070,2021-03-17T13:29:56.809654,2021-05-01T13:29:56.809654
866,492,29201,2022-12-01T13:29:56.809696,2023-01-24T13:29:56.809696
867,484,52273,2022-04-18T13:29:56.809739,2022-04-27T13:29:56.809739
868,783,80652,2022-03-31T13:29:56.809780,2022-10-16T13:29:56.809780
869,262,89820,2022-03-19T13:29:56.809821,2022-08-15T13:29:56.809821
870,27,118654,2019-11-26T13:29:56.809864,2020-05-21T13:29:56.809864
871,476,85263,2020-04-15T13:29:56.809913,2021-02-21T13:29:56.809913
872,527,73105,2023-01-17T13:29:56.809952,2023-05-13T13:29:56.809952
873,656,108371,2023-01-16T13:29:56.809996,2023-04-22T13:29:56.809996
874,862,27184,2019-06-13T13:29:56.810039,2019-09-01T13:29:56.810039
875,648,101526,2019-12-12T13:29:56.810084,2020-10-11T13:29:56.810084
876,626,57030,2021-04-26T13:29:56.810128,2021-11-07T13:29:56.810128
877,221,59576,2022-06-03T13:29:56.810168,2022-12-20T13:29:56.810168
878,717,116770,2021-12-09T13:29:56.810209,2022-08-20T13:29:56.810209
879,788,115492,2019-12-25T13:29:56.810255,2020-04-02T13:29:56.810255
880,602,84042,2021-12-14T13:29:56.810303,2022-01-18T13:29:56.810303
881,502,123112,2022-04-04T13:29:56.810348,2022-12-22T13:29:56.810348
882,560,104316,2022-11-03T13:29:56.810394,2023-07-07T13:29:56.810394
883,317,121762,2022-11-09T13:29:56.810452,2023-06-02T13:29:56.810452
884,871,86010,2022-01-01T13:29:56.810498,2022-11-07T13:29:56.810498
885,173,40458,2020-08-06T13:29:56.810543,2021-01-16T13:29:56.810543
886,422,44489,2022-09-13T13:29:56.810585,2022-12-24T13:29:56.810585
887,207,87320,2021-04-29T13:29:56.810627,2021-08-13T13:29:56.810627
888,827,84532,2020-06-03T13:29:56.810669,2021-02-15T13:29:56.810669
889,743,26886,2022-02-24T13:29:56.810715,2022-12-22T13:29:56.810715
890,369,20341,2019-09-11T13:29:56.810758,2020-07-31T13:29:56.810758
891,363,46937,2022-07-02T13:29:56.810802,2022-11-11T13:29:56.810802
892,376,69462,2021-08-13T13:29:56.810845,2021-09-21T13:29:56.810845
893,833,51176,2021-04-27T13:29:56.810894,2021-09-06T13:29:56.810894
894,176,129376,2020-05-21T13:29:56.810936,2021-03-26T13:29:56.810936
895,460,123982,2021-04-01T13:29:56.810978,2021-10-29T13:29:56.810978
896,831,112413,2021-03-31T13:29:56.811022,2021-11-15T13:29:56.811022
897,203,77763,2021-03-29T13:29:56.811066,2021-05-07T13:29:56.811066
898,943,111956,2021-01-26T13:29:56.811112,2021-07-11T13:29:56.811112
899,876,125714,2022-05-01T13:29:56.811155,2023-03-31T13:29:56.811155
900,906,32430,2019-09-08T13:29:56.811196,2020-06-26T13:29:56.811196
901,141,126630,2021-11-10T13:29:56.811239,2022-07-29T13:29:56.811239
902,871,121389,2019-05-11T13:29:56.811289,2019-10-31T13:29:56.811289
903,704,24472,2020-12-20T13:29:56.811333,2021-07-10T13:29:56.811333
904,611,127081,2021-01-01T13:29:56.811382,2021-06-20T13:29:56.811382
905,479,122605,2022-05-11T13:29:56.811426,2023-04-14T13:29:56.811426
906,463,89583,2022-08-24T13:29:56.811472,2023-02-18T13:29:56.811472
907,507,92033,2023-01-13T13:29:56.811515,2023-05-28T13:29:56.811515
908,117,118017,2020-09-14T13:29:56.811562,2020-10-09T13:29:56.811562
909,22,87158,2021-04-07T13:29:56.811606,2021-07-30T13:29:56.811606
910,266,52661,2022-01-06T13:29:56.811655,2022-11-30T13:29:56.811655
911,198,89412,2022-09-23T13:29:56.811697,2023-09-07T13:29:56.811697
912,373,22897,2022-02-07T13:29:56.811743,2022-08-13T13:29:56.811743
913,358,45132,2020-01-18T13:29:56.811788,2020-11-22T13:29:56.811788
914,439,65022,2021-04-07T13:29:56.811832,2021-09-26T13:29:56.811832
915,875,124479,2022-01-09T13:29:56.811878,2022-12-27T13:29:56.811878
916,83,92703,2021-04-17T13:29:56.811923,2021-05-30T13:29:56.811923
917,887,119320,2020-06-04T13:29:56.811968,2020-11-03T13:29:56.811968
918,749,109452,2020-06-03T13:29:56.812012,2020-06-09T13:29:56.812012
919,859,113424,2019-11-14T13:29:56.812058,2020-04-26T13:29:56.812058
920,769,111198,2021-03-27T13:29:56.812103,2021-09-05T13:29:56.812103
921,714,25435,2020-10-03T13:29:56.812149,2021-01-04T13:29:56.812149
922,959,86151,2021-07-31T13:29:56.812195,2022-01-02T13:29:56.812195
923,857,80378,2021-08-16T13:29:56.812242,2022-05-16T13:29:56.812242
924,743,75422,2022-02-10T13:29:56.812287,2022-08-17T13:29:56.812287
925,349,47489,2021-09-24T13:29:56.812331,2022-01-08T13:29:56.812331
926,919,68001,2021-02-28T13:29:56.812374,2021-06-03T13:29:56.812374
927,532,23564,2022-04-15T13:29:56.812419,2022-10-21T13:29:56.812419
928,881,115722,2021-03-20T13:29:56.812462,2021-05-11T13:29:56.812462
929,870,112339,2021-10-17T13:29:56.812504,2022-01-12T13:29:56.812504
930,147,97897,2021-05-30T13:29:56.812549,2022-02-19T13:29:56.812549
931,521,52108,2022-10-19T13:29:56.812594,2023-09-20T13:29:56.812594
932,427,120512,2021-07-27T13:29:56.812638,2022-01-18T13:29:56.812638
933,294,123635,2020-04-17T13:29:56.812682,2020-11-28T13:29:56.812682
934,376,71871,2020-03-07T13:29:56.812727,2021-01-18T13:29:56.812727
935,149,82174,2021-05-24T13:29:56.812771,2021-06-11T13:29:56.812771
936,101,90580,2020-06-20T13:29:56.812825,2021-01-25T13:29:56.812825
937,433,37813,2020-01-18T13:29:56.812872,2020-11-25T13:29:56.812872
938,433,89001,2022-11-27T13:29:56.812918,2023-11-20T13:29:56.812918
939,779,116154,2020-01-27T13:29:56.812963,2020-08-16T13:29:56.812963
940,1000,69290,2020-10-01T13:29:56.813008,2020-11-02T13:29:56.813008
941,437,85600,2019-11-09T13:29:56.813056,2020-07-06T13:29:56.813056
942,873,29591,2020-06-13T13:29:56.813106,2020-12-05T13:29:56.813106
943,294,106533,2021-01-22T13:29:56.813151,2022-01-08T13:29:56.813151
944,58,48366,2021-10-06T13:29:56.813196,2022-04-25T13:29:56.813196
945,492,52517,2021-05-31T13:29:56.813243,2021-11-15T13:29:56.813243
946,299,64750,2020-10-26T13:29:56.813288,2021-05-05T13:29:56.813288
947,603,52828,2022-12-14T13:29:56.813334,2022-12-20T13:29:56.813334
948,413,69299,2020-10-03T13:29:56.813385,2020-11-08T13:29:56.813385
949,70,48652,2019-09-05T13:29:56.813434,2020-05-10T13:29:56.813434
950,630,65620,2023-01-12T13:29:56.813484,2023-03-07T13:29:56.813484
951,138,42667,2021-10-12T13:29:56.813535,2022-06-26T13:29:56.813535
952,394,80745,2021-03-22T13:29:56.813583,2021-10-15T13:29:56.813583
953,129,60622,2020-05-15T13:29:56.813632,2020-12-01T13:29:56.813632
954,69,108656,2021-03-02T13:29:56.813682,2021-06-07T13:29:56.813682
955,898,104373,2022-12-28T13:29:56.813732,2023-05-30T13:29:56.813732
956,423,57759,2019-05-01T13:29:56.813781,2019-11-22T13:29:56.813781
957,717,107787,2019-05-31T13:29:56.813831,2019-12-23T13:29:56.813831
958,878,73717,2020-01-18T13:29:56.813881,2020-11-20T13:29:56.813881
959,535,84534,2019-07-17T13:29:56.813930,2019-09-15T13:29:56.813930
960,52,124670,2019-08-26T13:29:56.813979,2020-06-03T13:29:56.813979
961,516,28859,2022-07-23T13:29:56.814030,2023-06-29T13:29:56.814030
962,498,62420,2021-12-04T13:29:56.814080,2022-04-18T13:29:56.814080
963,44,53802,2022-04-26T13:29:56.814129,2022-05-30T13:29:56.814129
964,552,80213,2021-04-12T13:29:56.814179,2021-04-15T13:29:56.814179
965,859,80403,2022-10-22T13:29:56.814228,2023-07-12T13:29:56.814228
966,661,35641,2021-11-05T13:29:56.814278,2021-12-07T13:29:56.814278
967,80,62750,2021-10-18T13:29:56.814327,2022-08-10T13:29:56.814327
968,198,84708,2019-09-24T13:29:56.814376,2020-08-08T13:29:56.814376
969,678,82718,2020-08-08T13:29:56.814398,2021-04-11T13:29:56.814398
970,346,108507,2019-07-11T13:29:56.814417,2019-11-15T13:29:56.814417
971,886,113954,2022-01-29T13:29:56.814452,2022-07-07T13:29:56.814452
972,647,83364,2022-09-16T13:29:56.814472,2023-04-25T13:29:56.814472
973,821,90400,2019-11-03T13:29:56.814492,2020-09-24T13:29:56.814492
974,94,62733,2022-06-06T13:29:56.814511,2023-04-21T13:29:56.814511
975,520,116083,2021-07-29T13:29:56.814531,2022-02-24T13:29:56.814531
976,605,127151,2022-08-26T13:29:56.814551,2023-02-23T13:29:56.814551
977,187,73506,2020-07-03T13:29:56.814570,2020-08-31T13:29:56.814570
978,811,22285,2023-02-07T13:29:56.814590,2023-09-09T13:29:56.814590
979,925,77002,2021-11-25T13:29:56.814611,2022-07-27T13:29:56.814611
980,218,30183,2021-02-09T13:29:56.814631,2021-04-06T13:29:56.814631
981,534,91964,2019-12-15T13:29:56.814651,2020-08-14T13:29:56.814651
982,655,71906,2020-09-03T13:29:56.814670,2021-07-07T13:29:56.814670
983,341,128444,2022-11-12T13:29:56.814690,2023-05-22T13:29:56.814690
984,207,79654,2021-01-18T13:29:56.814710,2021-11-27T13:29:56.814710
985,67,99548,2020-01-24T13:29:56.814729,2020-07-02T13:29:56.814729
986,198,91395,2022-12-01T13:29:56.814749,2023-04-28T13:29:56.814749
987,791,33519,2022-07-07T13:29:56.814768,2022-07-11T13:29:56.814768
988,123,28714,2019-12-15T13:29:56.814788,2020-05-01T13:29:56.814788
989,555,109675,2022-04-12T13:29:56.814807,2022-07-26T13:29:56.814807
990,732,92737,2019-08-23T13:29:56.814827,2020-06-07T13:29:56.814827
991,578,47899,2021-05-16T13:29:56.814846,2021-07-17T13:29:56.814846
992,204,33213,2023-02-03T13:29:56.814866,2023-12-09T13:29:56.814866
993,747,63549,2022-02-03T13:29:56.814889,2022-02-07T13:29:56.814889
994,979,22866,2019-07-01T13:29:56.814911,2019-10-02T13:29:56.814911
995,458,102120,2020-07-16T13:29:56.814933,2021-04-24T13:29:56.814933
996,156,50461,2021-12-20T13:29:56.814955,2022-12-01T13:29:56.814955
997,445,46239,2019-06-11T13:29:56.814978,2020-03-14T13:29:56.814978
998,663,34432,2022-06-23T13:29:56.815003,2022-12-14T13:29:56.815003
999,397,69360,2020-05-19T13:29:56.815023,2020-12-27T13:29:56.815023
1000,500,121982,2022-06-11T13:29:56.815045,2022-08-04T13:29:56.815045
